"input","warning","date","filename","seqs_raw","phred_raw","Ns_raw","length_raw","phred_spark_raw","seqs_trim","phred_trim","Ns_trim","length_trim","closest_match","NCBI_acc","ID","rank_phylum","rank_class","rank_order","rank_family","rank_genus","rank_species","phylum_threshold","class_threshold","order_threshold","family_threshold","genus_threshold","species_threshold"
"C:/Users/Brendan Daisley/Documents/GITHUB/isolateR/examples/honeybee_isolates/isolateR_output","","2023_06_28","BDFS31","NNNNNNNNNNNNNNTGCAGCACCTGTCTCACAGTTCCCGAAGGCACTCTCACATCTCTGCAAGATTCTGTGGATGTCAAGACCAGGTAAGGTTCTTCGCGTTGCATCGAATTAAACCACATGCTCCACCGCTTGTGCGGGCCCCCGTCAATTCATTTGAGTTTTAACCTTGCGGCCGTACTCCCCAGGCGGTCGATTTATCGCGTTAGCTTCGGAGCCCATCACTCTAGGCAACAAACTCCAAATCGACATCGTTTACAGCGTGGACTACCAGGGTATCTAATCCTGTTTGCTCCCCACGCTTTCGCATCTCAGCGTCAGTATCTGTCCAGAAGGCCGCCTTCGCCACCGGTATTCCTCCACATCTCTACGCATTTCACCGCTACACGTGGAATTCTACCTTCCTCTACAATACTCTAGTTAACCAGTTTTAAGTGCAATTCCTAGGTTGAGCCCAGGGCTTTCACACCTAACTTAATTATCCGCCTACATGCCCTTTACGCCCAGTCATTCCGATTAACGCTCGCACCCTCCGTATTACCGCGGCTGCTGGCACGGAGTTAGCCGGTGCTTCTTCTGTAATTAACGTCAATTAACGTACCTATTAGATACGCTACCTTCCTCATCACCGAAAGTACTTTACAACCCGAAGGCCTTCTTCATACACGCGGCATGGCTGCATCAGGGTTTCCCCCATTGTGCAATATTCCCCACTGCTGCCTCCCGTACTTTNNNNNNGGATTNCCNNN",48.59,24,748,"4_2_5_5_5_7_8_5_5_5_6_8_5_6_18_23_17_19_34_25_23_25_29_42_44_43_33_50_19_13_14_17_52_54_54_38_52_28_35_47_47_56_62_33_34_47_56_56_56_26_31_44_32_51_56_59_59_59_56_59_43_46_50_59_39_59_59_59_59_59_62_59_59_49_54_54_49_51_49_50_59_59_49_59_59_62_59_62_62_62_54_56_56_59_59_59_59_48_46_56_59_59_59_59_59_59_56_36_59_59_59_54_56_59_59_59_59_46_46_46_48_42_32_50_59_51_51_59_59_54_28_32_36_59_39_59_51_56_54_59_59_56_62_62_62_59_44_50_50_48_34_48_46_43_48_54_56_46_50_34_54_56_50_54_50_49_51_50_43_48_59_50_56_59_59_56_32_31_38_46_48_56_51_51_59_59_56_62_50_59_62_46_50_50_54_59_56_56_59_59_59_59_56_59_59_48_51_49_56_56_56_51_43_48_54_51_56_59_59_59_59_56_50_49_59_59_59_51_50_62_51_59_59_59_59_56_56_48_48_48_40_56_59_62_59_59_50_59_56_51_59_59_50_56_59_56_59_59_51_59_40_46_34_59_34_59_46_48_59_59_56_59_59_54_38_43_59_59_59_56_59_59_59_51_43_46_56_46_56_46_59_46_50_56_51_50_59_59_50_46_50_56_50_59_56_43_51_56_56_56_59_56_59_39_59_56_56_56_45_50_51_56_59_50_56_54_50_49_49_41_34_56_50_49_62_51_56_50_56_56_48_56_59_43_56_56_51_59_50_48_56_46_51_59_50_56_50_50_56_56_43_51_51_56_34_43_56_59_56_54_36_50_50_59_59_56_59_59_59_59_56_50_46_50_56_50_49_36_46_56_28_33_48_51_59_59_50_56_59_48_48_48_59_51_56_59_46_59_56_56_59_56_59_59_59_56_56_59_51_56_59_59_59_59_56_59_56_59_59_59_59_59_50_45_50_59_45_45_50_59_59_59_56_45_59_51_56_45_28_38_56_45_59_56_56_59_59_59_50_45_59_56_56_59_56_56_56_56_56_43_56_56_41_46_50_56_56_56_56_56_56_56_56_50_56_56_56_56_56_50_56_56_56_56_46_46_56_56_56_56_50_56_62_62_62_51_50_56_51_56_56_38_26_17_56_46_43_56_56_56_56_56_56_56_56_56_50_56_56_46_56_56_56_47_40_56_48_49_52_48_52_62_54_52_34_47_47_52_47_47_52_49_52_34_40_41_29_28_27_52_52_52_52_43_47_46_46_41_52_52_52_48_54_52_52_46_46_40_47_52_53_47_48_43_52_54_54_52_54_47_52_54_49_54_52_52_52_52_52_43_41_52_54_54_42_54_40_51_49_51_45_40_49_50_48_51_47_38_44_51_50_50_50_49_49_53_46_50_41_28_50_42_50_50_50_50_50_48_41_43_49_53_47_50_49_44_39_50_53_47_39_54_49_49_53_53_52_51_51_50_50_53_53_51_50_54_43_51_49_40_37_52_50_51_41_52_50_50_54_37_51_52_52_53_54_44_52_52_39_51_49_51_54_40_45_53_39_54_28_51_39_44_40_41_52_46_36_49_44_44_24_32_44_42_44_44_47_47_38_22_21_11_16_15_16_22_36_25_40_40_13_9_10_8_6_7_10_25_40_14_14_15_9_20_15_10_4_7_0.1_0.1_0.1_0.1_0.1_0.1_0.1_0.1_0.1_0.1_0.1_0.1_0.1_0.1_0.1_0.1_0.1","GATGTCAAGACCAGGTAAGGTTCTTCGCGTTGCATCGAATTAAACCACATGCTCCACCGCTTGTGCGGGCCCCCGTCAATTCATTTGAGTTTTAACCTTGCGGCCGTACTCCCCAGGCGGTCGATTTATCGCGTTAGCTTCGGAGCCCATCACTCTAGGCAACAAACTCCAAATCGACATCGTTTACAGCGTGGACTACCAGGGTATCTAATCCTGTTTGCTCCCCACGCTTTCGCATCTCAGCGTCAGTATCTGTCCAGAAGGCCGCCTTCGCCACCGGTATTCCTCCACATCTCTACGCATTTCACCGCTACACGTGGAATTCTACCTTCCTCTACAATACTCTAGTTAACCAGTTTTAAGTGCAATTCCTAGGTTGAGCCCAGGGCTTTCACACCTAACTTAATTATCCGCCTACATGCCCTTTACGCCCAGTCATTCCGATTAACGCTCGCACCCTCCGTATTACCGCGGCTGCTGGCACGGAGTTAGCCGGTGCTTCTTCTGTAATTAACGTCAATTAACGTACCTATTAGATACGCTACCTTCCTCATCACCGAAAGTACTTTACAACCCGAAGGCCTTCTTCATACACGCGGCATGGCTG",51.88,0,607,"Gilliamella mensalis (LMG 29880)","NR_149808.1",99.3,"Pseudomonadota","Gammaproteobacteria","Orbales","Orbaceae","Gilliamella","Gilliamella mensalis",75,78.5,82,86.5,94.5,98.7
"C:/Users/Brendan Daisley/Documents/GITHUB/isolateR/examples/honeybee_isolates/isolateR_output","","2023_06_28","CA0142","CNNNNNNNNNNNCNGNNNNNNTNNNNGCTCTACCNNNNNNNNTCAGCCGGAATATTAAAAAAGCACGGCAGCGTCCTACCCTCGNAGGCAGTCTCCCACCAACTACTCTCGGCGTGAAGAAGCTTAACTGCGGGGTTCGGCATGGTTACTGGTGTTTCCTTCTTGCTGCTGCCTCCCGNACTTTAGTGGGGGTNNNAANGCGTTAGCTGCAGCACTGAGAGGCGGAAACCTCCCAACACTTAGCACTCATCGTTTACGGCATGGACTACCAGGGTATCTAATCCTGTTCGCTACCCATGCTTTCGAACCTCAGCGTCAGTTACAGACCAGAGAGCCGCCTTCGCCACTGGTGTTCTTCCATATATCTACGCATTTCACCGCTACACATGGAGTTCCACTCTCCTCTTCTGCACTCAAGAAAAACAGTTTCAGTTGCCGTTCCTCGGTTAAGCCGAGGGCTTTCACAGCTGACTTGTTCTCCCGCCTGCGTTCGCTTTACGCCCAATAAATCCGGACAACGCTTGCCACCTACGTATTACCGCGGCTGCTGGCACGTAGTTAGCCGTGACTTTCTGGTTGATTACCGTCAAACATAGATCAGTTACTACCCATGTCCTTCTTCACCAACAACAGAGCTTTACGATCCGAAAACCTTCTTCACTCACGCGGCGTTGCTCCATCAGACTTGCGTCCATTGTGGAAGATTCCCTACTGCTGCCTCCNNTACTTAGTNNTGGNNNNN",39.11,45,742,"15_3_5_4_7_4_4_5_5_7_6_8_19_8_22_10_10_9_6_10_5_12_9_10_9_10_19_13_19_18_25_14_16_25_8_10_8_7_9_9_4_8_14_13_20_16_22_23_20_31_24_14_26_26_26_15_20_19_16_22_17_22_25_22_24_24_34_34_19_16_24_34_30_24_30_24_29_34_31_19_13_13_13_13_8_22_21_36_13_18_30_24_30_30_30_23_31_19_24_20_18_18_18_28_24_24_31_30_34_19_30_30_18_34_34_39_34_22_12_29_34_20_43_27_23_30_19_23_27_34_18_16_22_12_27_18_18_24_18_30_24_23_24_46_18_18_16_24_24_11_18_27_23_27_27_18_13_18_19_24_23_27_23_24_35_21_17_27_23_27_34_24_23_23_13_23_13_14_10_11_13_17_23_13_16_21_11_18_11_13_18_12_13_10_10_10_18_23_6_13_28_35_46_39_34_31_46_45_56_46_23_23_34_30_30_43_59_43_23_34_46_51_39_50_43_46_43_49_51_39_50_59_56_56_50_38_38_43_39_50_46_50_23_27_43_34_34_35_34_37_43_43_49_56_46_62_59_56_59_34_34_43_59_34_44_43_39_51_43_43_49_56_62_59_59_59_59_59_51_51_51_51_59_49_46_59_51_51_56_43_46_46_45_50_45_43_43_34_56_39_59_59_59_51_30_50_50_50_45_32_40_43_34_59_59_51_51_43_45_56_56_56_56_45_50_59_59_34_39_13_40_18_45_29_34_51_56_59_59_56_56_56_38_50_44_45_43_36_59_50_38_59_51_59_59_59_59_59_59_51_59_62_59_56_59_59_59_59_59_45_59_37_50_56_51_50_45_51_56_46_50_59_50_59_34_39_34_31_56_31_44_51_56_56_56_56_50_44_56_56_39_51_38_32_51_51_56_56_50_56_56_51_56_56_50_38_42_42_56_50_56_56_56_50_44_38_50_56_38_50_39_51_56_56_56_56_56_56_50_56_56_56_46_62_56_56_56_56_56_56_51_38_27_20_40_33_56_56_56_46_46_62_62_51_56_56_42_46_43_43_47_38_56_50_56_39_43_47_40_62_62_56_56_56_56_56_62_56_43_56_56_56_46_56_56_56_62_62_62_52_62_62_62_62_62_62_62_62_62_62_62_47_41_52_52_46_43_62_52_47_52_52_38_62_48_36_34_46_54_48_52_52_47_52_52_54_54_54_54_52_54_54_54_47_52_52_54_52_50_43_31_54_52_54_52_52_54_34_58_52_52_54_58_54_52_33_54_38_46_52_52_48_52_53_54_42_40_46_47_49_39_53_52_46_54_51_53_51_50_47_50_50_46_46_50_26_41_37_27_41_25_43_43_50_49_50_50_48_41_37_50_50_54_52_50_42_51_51_52_53_50_40_33_43_28_31_49_37_41_50_43_37_39_58_38_50_51_52_52_38_49_40_51_32_50_44_40_53_51_44_40_49_42_50_53_52_53_53_49_36_41_45_41_33_34_37_49_51_39_53_52_41_44_40_40_52_52_47_32_47_37_40_13_49_21_40_40_45_53_40_37_45_42_40_52_39_53_31_54_23_47_47_26_41_24_32_39_33_31_31_45_31_25_53_32_31_45_20_15_18_12_19_6_9_11_28_29_51_51_39_25_20_8_6_51_51_18_10_5_6_6_6_0.1_0.1_0.1_0.1_0.1_0.1_0.1_0.1_0.1_0.1_0.1_0.1_0.1_0.1_0.1_0.1_0.1_0.1_0.1_0.1_0.1_0.1_0.1","TACGGCATGGACTACCAGGGTATCTAATCCTGTTCGCTACCCATGCTTTCGAACCTCAGCGTCAGTTACAGACCAGAGAGCCGCCTTCGCCACTGGTGTTCTTCCATATATCTACGCATTTCACCGCTACACATGGAGTTCCACTCTCCTCTTCTGCACTCAAGAAAAACAGTTTCAGTTGCCGTTCCTCGGTTAAGCCGAGGGCTTTCACAGCTGACTTGTTCTCCCGCCTGCGTTCGCTTTACGCCCAATAAATCCGGACAACGCTTGCCACCTACGTATTACCGCGGCTGCTGGCACGTAGTTAGCCGTGACTTTCTGGTTGATTACCGTCAAACATAGATCAGTTACTACCCATGTCCTTCTTCACCAACAACAGAGCTTTACGATCCGAAAACCTTCTTCACTC",49.36,0,409,"Lactobacillus apis (R4B)","NR_125702.1",100,"Bacillota","Bacilli","Lactobacillales","Lactobacillaceae","Lactobacillus","Lactobacillus apis",75,78.5,82,86.5,94.5,98.7
"C:/Users/Brendan Daisley/Documents/GITHUB/isolateR/examples/honeybee_isolates/isolateR_output","","2023_06_28","CA0155","NNNNNNNNNNANNNNNNNNNNCNNTACTTNAGNGNGGGTNNNNNNNNNNGNATGGCTNCNANACTTCGGCCANGTNANGANNAGTAAGGCNCGGCGCGTTNCATCGAATTANTCCGCTGGCTCCGCCGCTTGAGCGGGCCCCCGACAATTTCTTTGAGTTTTAGCCTTGCGGCCGTACTCCCCAGGCGGGATGCTTAACGCGTTAGCTCCGACACGGAACCCGTGGAACGGGCCCCACATCCAGCATCCACCGTTTACGGCGTGGACTACCAGGGTATCTAATCCTGTTCGCTCCCCACGCTTTCGCTCCTCAGCGTCAGTGACGGCCCAAAGACCTGCCTTCGCCATCGGTGTTCTTCCCGATATCTACACATTCCACCGTTACACCGGGAATTCCAGTCTCCCCTACCGCACTCCAGTCCGCCCGTACCCGGCGCCGATCCACCGTTAAGCGATGGACTTTCACACCAGACGCGACGAACCGCCTACGAGCTCTTTACGCCCAATAAATCCGGATAACGCTTGCACCCTACGTATTACCGCGGCTGCTGGCACGTAGTTAGCCGGTGCTTATTCGAAAGGTACACTCACTCTCGCTTGCTCCCAATCAAAAGCGGTTTACAACCCGAAGGCCGTCATCCCGCACGCGGCGTCGCTGCATCAGGCTTGCGCCCATTGTGCAATATTCCCCACTGCTGCCTCCTGTACTTTAGNGAGGGTNNNNN",38.57,53,725,"9_3_3_5_4_4_5_5_9_5_12_5_5_9_4_9_9_5_4_9_4_14_6_9_17_11_13_20_16_10_14_15_10_19_9_16_16_21_18_8_8_8_9_9_6_8_5_10_10_12_9_16_11_19_12_22_13_11_16_11_21_10_11_11_24_24_16_16_26_18_16_11_10_30_11_10_13_10_13_12_10_7_12_18_13_12_24_14_34_11_10_13_13_11_18_17_18_11_17_13_13_13_12_18_23_18_23_19_20_11_12_8_11_24_12_30_18_13_13_27_23_23_24_24_19_19_23_19_24_24_19_34_12_18_13_27_34_23_34_27_34_34_24_17_13_16_18_24_43_49_49_41_40_49_43_39_34_30_43_43_40_36_25_19_34_37_43_43_43_37_46_34_24_30_34_23_24_43_41_43_43_36_34_34_30_50_19_34_37_34_33_24_43_24_30_24_34_31_27_30_30_23_31_24_30_18_30_30_41_30_30_35_24_23_34_31_38_36_45_34_41_24_27_17_46_27_39_34_36_34_51_51_30_34_41_30_23_23_23_34_34_27_17_34_34_34_34_30_24_30_34_23_34_23_28_23_49_41_30_50_19_30_18_43_13_33_27_27_28_30_30_24_24_59_34_34_34_34_27_35_34_40_30_43_30_30_49_30_43_38_30_30_27_34_34_40_38_43_34_43_40_34_41_30_34_18_24_34_43_34_34_34_24_30_43_34_30_34_24_34_34_46_43_36_34_49_30_34_34_27_13_43_19_40_27_23_56_62_56_56_56_59_59_49_56_56_48_62_59_59_56_49_59_59_56_59_59_59_59_59_56_51_59_51_51_56_50_50_50_56_46_50_43_59_56_59_50_56_59_59_59_56_56_56_62_56_59_62_48_56_51_59_59_59_59_56_51_44_51_51_59_59_46_46_56_59_59_59_59_59_56_51_56_56_59_56_59_59_51_56_56_59_62_62_62_56_62_59_59_62_62_62_62_62_59_62_51_51_39_44_50_51_59_59_59_62_56_59_62_62_56_45_50_50_59_56_62_59_59_59_62_62_59_59_56_56_62_62_51_51_35_62_51_42_56_38_44_51_38_62_56_56_62_56_56_56_38_56_50_24_47_38_51_56_56_56_56_62_62_47_56_62_56_56_56_56_56_56_56_47_56_56_42_38_50_47_42_51_62_56_50_51_56_50_62_51_56_54_62_62_62_62_62_56_56_62_62_62_62_62_62_62_62_56_50_56_56_62_56_56_62_54_56_56_62_52_52_52_52_54_45_41_47_47_62_62_52_38_52_47_52_50_52_51_52_48_27_52_40_30_41_47_37_54_54_52_54_52_52_52_52_52_52_42_44_30_43_54_52_58_42_46_52_52_40_47_49_48_42_47_52_54_52_48_42_54_40_48_54_25_52_52_54_54_54_48_47_47_52_48_33_58_48_52_52_52_52_46_52_54_58_54_54_52_48_48_47_51_52_52_49_50_40_52_25_42_50_50_49_40_51_52_50_48_48_50_49_48_50_50_35_58_54_37_49_51_48_54_46_46_50_51_50_46_49_49_42_49_48_49_36_33_42_40_51_42_50_35_32_21_26_13_18_13_14_15_21_21_31_31_21_31_22_9_19_14_15_14_13_23_6_9_7_9_6_0.1_0.1_0.1_0.1_0.1_0.1_0.1_0.1_0.1_0.1_0.1_0.1_0.1_0.1_0.1_0.1_0.1_0.1_0.1_0.1_0.1_0.1_0.1_0.1_0.1_0.1_0.1_0.1_0.1_0.1_0.1_0.1_0.1_0.1_0.1_0.1_0.1_0.1_0.1_0.1","CACATTCCACCGTTACACCGGGAATTCCAGTCTCCCCTACCGCACTCCAGTCCGCCCGTACCCGGCGCCGATCCACCGTTAAGCGATGGACTTTCACACCAGACGCGACGAACCGCCTACGAGCTCTTTACGCCCAATAAATCCGGATAACGCTTGCACCCTACGTATTACCGCGGCTGCTGGCACGTAGTTAGCCGGTGCTTATTCGAAAGGTACACTCACTCTCGCTTGCTCCCAATCAAAAGCGGTTTACAACCCGAAGGCCGTCATCCCGCACGCGGCGTCGCTGC",52.91,0,290,"Bifidobacterium apousia (W8102)","NR_181622.1",100,"Actinomycetota","Actinomycetes","Bifidobacteriales","Bifidobacteriaceae","Bifidobacterium","Bifidobacterium apousia",75,78.5,82,86.5,94.5,98.7
"C:/Users/Brendan Daisley/Documents/GITHUB/isolateR/examples/honeybee_isolates/isolateR_output","","2023_06_28","CA0219","NNNNNNNNNNNNNNNNNCTNCCTGTNATTCTNTCCCCGAAGNGGAACGCCCAATCTCTTGGGTTGGCAGAAGATGTCAAGAGCTGGTAAGGTTCTTCGCGTAGCATCGAATTAAACCACATGCTCCACCACTTGTGCGGGCCCCCGTCAATTCCTTTGAGTTTCAACCTTGCGGTCGTACTCCCCAGGCGGAATACTTAATGCGTTAGCTGCGGCACTGAAGGGCGGAAACCCTCCAACACCTAGTATTCATCGTTTACGGCATGGACTACCAGGGTATCTAATCCTGTTCGCTACCCATGCTTTCGAGCCTCAGCGTCAGTAACAGACCAGAAAGCCGCCTTCGCCACTGGTGTTCTTCCATATATCTACGCATTTCACCGCTACACATGGAGTTCCACTTTCCTCTTCTGTACTCAAGTTTTGTAGTTTCCACTGCACTTCCTCAGTTGAGCTGAGGGCTTTCACAGCAGACTTACAAAACCGCCTGCGCTCGCTTTACGCCCAATAAATCCGGACAACGCTTGCCACCTACGTATTACCGCGGCTGCTGGCACGTAGTTAGCCGTGGCTTTCTGGTTAAATACCGTCAAAGTGTTAACAGTTACTCTAACACTTGTTCTTCTTTAACAACAGAGTTTTACGATCCGAAAACCTTCATCACTCACGCGGCGTTGCTCCATCAGACTTTCGTCCATTGTGGAAGATTCCCTACTGCTGCCTTCCGTACTTTAGTGNGAGATTNNN",47.59,25,746,"4_2_3_5_3_4_4_4_5_5_4_5_6_9_9_5_6_11_16_9_40_29_39_40_24_10_12_21_37_28_18_9_37_42_36_36_30_25_38_34_14_8_17_27_31_46_27_38_38_39_31_42_46_56_51_56_50_50_50_56_51_44_47_56_56_20_18_24_23_38_24_26_59_25_31_46_46_59_59_51_54_54_59_59_62_59_59_62_62_62_59_59_56_62_59_56_56_48_49_56_59_59_46_56_59_59_59_51_59_59_56_59_59_56_59_59_59_46_46_46_56_56_46_46_48_46_43_59_59_46_48_48_56_56_50_59_51_56_56_51_59_59_59_59_59_62_49_51_50_32_43_56_56_50_56_59_59_48_35_48_59_59_50_59_59_59_59_56_48_56_59_46_56_59_56_59_56_43_43_44_48_51_51_59_56_46_56_62_51_59_59_59_56_56_59_59_56_51_56_51_50_62_46_54_56_59_59_50_59_56_62_59_51_46_38_46_49_51_49_59_49_51_62_59_49_59_50_56_56_59_59_56_38_48_59_51_51_50_56_50_50_50_56_59_51_59_59_56_59_59_56_59_59_54_48_59_56_59_59_56_56_34_43_46_59_35_54_46_46_59_56_48_49_56_54_56_50_59_59_56_48_56_59_59_51_38_28_56_49_50_50_46_51_51_59_56_50_43_43_46_59_46_48_48_56_56_43_59_59_59_59_59_59_59_45_56_56_56_50_49_51_50_56_56_50_50_46_59_51_43_43_24_48_46_56_56_51_56_48_56_56_56_56_59_43_56_43_43_46_40_56_45_45_56_56_50_59_56_56_59_51_51_56_59_56_51_59_59_59_56_59_43_50_50_59_59_59_59_59_59_59_50_50_46_50_56_43_45_45_50_59_45_33_45_59_59_56_56_51_44_46_38_38_59_51_51_59_50_50_50_38_59_43_51_51_50_56_51_51_56_51_51_38_38_56_35_56_51_56_56_56_56_56_51_56_56_56_51_38_51_56_56_56_51_56_56_56_51_51_56_56_56_42_51_51_51_43_47_56_43_50_56_56_62_56_56_56_62_56_37_50_27_62_51_56_56_56_56_56_56_56_56_56_56_56_42_38_38_56_38_56_56_56_56_41_47_56_56_56_56_56_56_62_62_39_56_56_56_62_62_54_52_62_43_46_52_48_46_54_62_52_41_43_52_35_52_52_48_50_62_52_46_52_52_43_46_50_49_41_52_48_52_52_54_52_47_52_52_54_47_52_54_40_52_52_49_52_52_54_46_54_54_52_54_54_58_43_52_58_42_49_54_52_52_54_52_58_45_46_54_54_54_52_52_54_54_52_52_52_49_48_58_49_49_48_58_54_51_54_51_51_48_46_50_50_50_47_50_54_48_48_50_46_35_48_47_42_49_43_40_48_49_53_51_51_49_30_41_43_40_24_42_50_40_42_58_32_50_50_48_27_32_23_13_35_32_53_52_32_53_52_50_41_51_39_49_52_53_40_53_41_50_50_52_41_32_50_50_53_51_44_49_42_52_50_40_50_45_51_49_25_50_47_49_32_54_37_54_54_44_44_44_38_50_36_29_42_40_50_32_49_21_53_45_29_42_16_34_51_51_44_41_45_39_40_49_45_41_46_39_19_21_13_12_14_17_28_44_27_47_53_35_42_28_21_19_7_31_52_27_12_14_15_6_6_5_0.1_0.1_0.1_0.1_0.1_0.1_0.1_0.1_0.1_0.1_0.1_0.1_0.1_0.1_0.1_0.1_0.1_0.1_0.1","GGTAAGGTTCTTCGCGTAGCATCGAATTAAACCACATGCTCCACCACTTGTGCGGGCCCCCGTCAATTCCTTTGAGTTTCAACCTTGCGGTCGTACTCCCCAGGCGGAATACTTAATGCGTTAGCTGCGGCACTGAAGGGCGGAAACCCTCCAACACCTAGTATTCATCGTTTACGGCATGGACTACCAGGGTATCTAATCCTGTTCGCTACCCATGCTTTCGAGCCTCAGCGTCAGTAACAGACCAGAAAGCCGCCTTCGCCACTGGTGTTCTTCCATATATCTACGCATTTCACCGCTACACATGGAGTTCCACTTTCCTCTTCTGTACTCAAGTTTTGTAGTTTCCACTGCACTTCCTCAGTTGAGCTGAGGGCTTTCACAGCAGACTTACAAAACCGCCTGCGCTCGCTTTACGCCCAATAAATCCGGACAACGCTTGCCACCTACGTATTACCGCGGCTGCTGGCACGTAGTTAGCCGTGGCTTTCTGGTTAAATACCGTCAAAGTGTTAACAGTTACTCTAACACTTGTTCTTCTTTAACAACAGAGTTTTACGATCCGAAAACCTTCATCACTCACGCGGCGTTGCTC",51.53,0,595,"Apilactobacillus kunkeei (ATCC 700308)","NR_026404.1",100,"Bacillota","Bacilli","Lactobacillales","Lactobacillaceae","Apilactobacillus","Apilactobacillus kunkeei",75,78.5,82,86.5,94.5,98.7
"C:/Users/Brendan Daisley/Documents/GITHUB/isolateR/examples/honeybee_isolates/isolateR_output","","2023_06_28","CA0233","NNNNNNNNNNNNNTGNACTACCTGTNACTCTGCTCCCGAAGGAGAAGCCCTATCTCTAGGGTTTTCAGAGGATGTCAAGACCTGGTAAGGTTCTTCGCGTTGCTTCGAATTAAACCACATGCTCCACCGCTTGTGCGGGCCCCCGTCAATTCCTTTGAGTTTCAGCCTTGCGGCCGTACTCCCCAGGCGGAGTGCTTAATGCGTTAACTTCAGCACTAAAGGGCGGAAACCCTCTAACACTTAGCACTCATCGTTTACGGCGTGGACTACCAGGGTATCTAATCCTGTTTGCTCCCCACGCTTTCGCGCCTCAGTGTCAGTTACAGACCAGAAAGTCGCCTTCGCCACTGGTGTTCCTCCATATCTCTACGCATTTCACCGCTACACATGGAATTCCACTTTCCTCTTCTGCACTCAAGTCTCCCAGTTTCCAATGACCCTCCACGGTTGAGCCGTGGGCTTTCACATCAGACTTAAGAAACCACCTGCGCGCGCTTTACGCCCAATAATTCCGGATAACGCTTGCCACCTACGTATTACCGCGGCTGCTGGCACGTAGTTAGCCGTGGCTTTCTGGTTAGGTACCGTCAAGGTGCCAGCTTATTCAACTAGCACTTGTTCTTCCCTAACAACAGAGTTTTACNACCCGAAAGCCTTCATCACTCACGCGGCGTTGCTCCGTCAGACTTTCGTCGATTGCNGNAAGATTCCCTACTGCTGCCTNCCNTACTTTAGTGACGGGANNAATN",41.07,23,749,"3_2_3_4_3_9_4_9_5_5_5_5_6_16_21_9_13_23_16_14_36_25_27_40_30_6_12_21_23_22_16_42_20_23_16_15_14_32_19_19_27_22_27_22_41_39_35_33_33_28_25_33_31_35_27_35_27_42_42_56_39_39_38_31_33_31_31_39_51_42_30_32_13_27_20_39_41_41_56_59_59_45_43_56_34_39_43_50_56_43_50_59_56_50_59_51_18_18_23_23_19_24_46_45_43_43_32_56_49_50_59_59_56_56_59_59_46_48_46_50_59_48_50_56_49_51_59_59_59_51_50_50_59_43_59_49_59_54_38_54_62_62_59_59_59_40_56_56_48_56_59_59_59_56_59_56_33_33_50_56_43_48_56_46_56_59_56_56_59_59_50_56_59_56_56_56_46_51_49_50_59_51_50_56_59_51_59_45_56_59_49_49_49_59_43_50_51_56_51_51_59_51_56_56_49_50_50_46_48_56_59_51_50_56_59_59_59_59_59_59_59_56_50_46_59_51_59_59_59_59_59_56_56_56_51_56_48_50_48_40_48_50_51_40_46_56_51_56_56_51_56_51_56_51_59_56_59_54_56_51_30_39_34_50_24_49_49_38_50_51_43_43_51_59_56_50_59_59_50_50_56_40_40_36_25_34_50_49_50_46_56_49_43_48_48_46_50_51_51_50_56_56_56_50_50_39_50_50_56_56_50_46_43_34_45_56_43_43_46_34_38_43_43_43_36_36_48_51_41_43_30_56_46_43_51_43_51_39_50_50_50_50_49_34_50_34_34_39_34_40_34_34_50_36_43_50_46_37_40_34_30_34_34_34_41_34_39_36_49_51_43_49_49_59_56_50_43_41_49_45_28_36_46_39_50_30_34_31_34_48_29_46_51_51_56_56_50_43_49_50_50_43_49_39_50_56_48_51_49_34_48_43_49_49_50_56_44_50_56_50_56_50_56_56_46_44_45_50_46_45_50_38_50_39_34_45_45_43_45_43_43_50_38_27_34_45_45_34_34_50_50_34_51_45_45_34_59_45_50_50_56_56_56_50_50_45_45_50_39_31_19_56_35_50_39_51_39_37_49_56_44_47_51_50_32_31_31_38_35_51_50_38_50_36_40_50_56_56_56_56_38_62_62_37_37_51_42_56_39_56_41_56_42_42_43_56_34_47_62_56_33_33_38_22_47_38_32_35_46_43_38_38_35_30_35_50_52_43_52_50_41_41_38_38_38_46_27_39_32_29_42_18_35_47_39_35_37_39_22_52_49_52_50_39_52_40_47_43_22_40_52_33_35_27_22_34_33_48_35_49_35_34_37_39_37_40_46_29_33_37_39_46_50_32_37_38_37_42_42_47_50_52_39_41_40_34_32_34_37_28_37_25_32_46_40_50_46_41_32_27_37_30_35_34_24_25_33_40_40_29_25_29_40_31_37_52_30_53_53_52_25_29_35_26_35_50_46_33_37_39_44_31_31_38_37_39_35_44_40_42_32_39_31_37_35_34_26_39_36_29_18_33_32_33_29_25_24_32_27_17_13_11_23_25_26_54_20_33_41_39_42_11_26_53_21_35_45_34_45_22_10_18_8_40_18_25_26_20_37_45_53_32_30_23_29_26_34_40_35_31_32_31_20_10_32_17_10_11_24_24_31_27_15_12_21_11_18_13_15_26_40_18_18_7_7_26_11_13_10_0.1_0.1_0.1_0.1_0.1_0.1_0.1_0.1_0.1_0.1_0.1_0.1_0.1_0.1_0.1_0.1","CCACATGCTCCACCGCTTGTGCGGGCCCCCGTCAATTCCTTTGAGTTTCAGCCTTGCGGCCGTACTCCCCAGGCGGAGTGCTTAATGCGTTAACTTCAGCACTAAAGGGCGGAAACCCTCTAACACTTAGCACTCATCGTTTACGGCGTGGACTACCAGGGTATCTAATCCTGTTTGCTCCCCACGCTTTCGCGCCTCAGTGTCAGTTACAGACCAGAAAGTCGCCTTCGCCACTGGTGTTCCTCCATATCTCTACGCATTTCACCGCTACACATGGAATTCCACTTTCCTCTTCTGCACTCAAGTCTCCCAGTTTCCAATGACCCTCCACGGTTGAGCCGTGGGCTTTCACATCAGACTTAAGAAACCACCTGCGCGCGCTTTACGCCCAATAATTCCGGATAACGCTTGCCACCTACGTATTACCGCGGCTGCTGGCACGTAGTTAGCC",47.23,0,451,"Bacillus clarus (ATCC 21929)","NR_180213.1",100,"Bacillota","Bacilli","Bacillales","Bacillaceae","Bacillus","Bacillus clarus",75,78.5,82,86.5,94.5,98.7
"C:/Users/Brendan Daisley/Documents/GITHUB/isolateR/examples/honeybee_isolates/isolateR_output","","2023_06_28","CA0244","NNNNNNNNNNNNCNTGNNCTNCCTGTCATTCTGTCCCCGNNNNNNACGCCCAATCTCTTGGGTTGNNAAAAGATGTCAAGAGCTGGTAAGGTTCTTCGCGTAGCATCGAATTAAACCACATGCTCCACCACTTGTGCGGGCCCCCGTCAATTCCTTTGAGTTTCAACCTTGCGGTCGTACTCCCCAGGCGGAATACTTAATGCGTTAGCTGCGGCACTGAAGGGCGGAAACCCTCCAACACCTAGTATTCATCGTTTACGGCATGGACTACCAGGGTATCTAATCCTGTTCGCTACCCATGCTTTCGAGCCTCAGCGTCAGTAACAGACCAGAAAGCCGCCTTCGCCACTGGTGTTCTTCCATATATCTACGCATTTCACCGCTACACATGGAGTTCCACTTTCCTCTTCTGTACTCAAGTTTTGTAGTTTCCACTGCACTTCCTCAGTTGAGCTGAGGGCTTTCACAGCAGACTTACAAAACCGCCTGCGCTCGCTTTACGCCCAATAAATCCGGACAACGCTTGCCACCTACGTATTACCGCGGCTGCTGGCACGTAGTTAGCCGTGGCTTTCTGGTTAAATACCGTCAAAGTGTTAACAGTTACTCTAACACTTGTTCTTCTTTAACAACAGAGTTTTACGATCCGAAAACCTTCATCACTCACGCGGCGTTGCTCCATCAGACTTTCGTCCATTGTGGAAGATTCCCTACTGCTGCCTCAGTACTTNNNGNNNGACNNACN",45.61,33,745,"5_3_1_4_3_3_4_7_6_5_6_9_11_6_17_27_9_6_27_16_9_37_32_32_26_17_12_11_11_19_18_16_15_25_31_25_19_12_13_10_9_4_5_8_8_33_14_23_22_21_14_35_46_43_43_27_36_36_24_56_39_42_42_38_50_10_10_13_14_22_16_15_37_31_41_44_18_18_13_25_26_20_59_62_62_59_59_62_59_62_59_59_59_59_59_59_59_46_59_62_59_59_49_56_56_56_59_49_59_59_59_59_62_59_59_59_59_46_48_51_51_56_48_34_54_51_51_59_59_56_40_48_56_59_43_62_59_54_54_59_59_59_59_59_59_59_29_49_49_50_56_59_62_56_56_59_59_59_56_56_59_59_59_59_56_59_59_56_48_56_59_50_56_59_51_59_59_46_50_35_34_59_51_59_56_56_59_62_51_59_56_54_59_56_59_59_56_59_59_50_50_54_46_54_56_59_59_51_59_56_62_59_56_54_50_51_49_59_59_54_48_56_62_59_49_56_50_56_48_59_59_56_56_59_59_46_50_56_59_56_59_56_56_59_51_46_59_59_56_59_50_59_59_56_59_59_59_59_59_48_56_39_43_46_59_39_59_59_56_59_59_56_51_56_62_59_56_56_59_59_51_56_56_50_45_34_34_46_28_46_59_51_47_46_56_59_51_43_43_50_56_50_50_56_56_50_43_59_59_59_59_59_59_59_50_59_56_59_56_51_56_51_59_51_43_43_39_59_43_41_41_24_50_38_56_59_59_56_44_59_59_56_59_59_50_56_43_43_43_45_56_45_45_59_51_51_59_59_59_59_59_44_56_59_59_56_59_56_56_56_46_36_56_51_56_56_56_56_56_56_56_56_56_44_56_56_31_38_38_38_56_38_56_56_56_56_56_56_51_44_56_56_56_56_50_50_56_50_56_50_38_56_39_51_56_46_56_56_56_56_38_38_36_38_50_30_38_51_56_56_50_56_51_51_51_50_56_50_38_51_56_56_56_47_56_56_47_38_41_56_56_56_39_56_47_56_56_38_56_41_43_56_56_62_62_56_56_56_56_38_38_22_56_38_56_52_62_54_43_52_54_54_48_47_52_50_46_35_52_47_52_62_52_52_47_40_52_52_62_54_43_40_62_62_31_48_52_52_46_31_52_52_54_46_46_52_41_39_42_52_52_37_46_52_32_52_47_44_50_54_52_52_52_52_34_40_52_53_47_52_46_52_44_52_52_42_52_52_52_51_46_54_39_52_52_54_52_50_51_46_52_51_48_48_49_47_47_42_58_41_50_52_50_51_52_50_47_38_42_40_50_53_53_50_50_49_43_51_52_46_50_58_49_50_50_51_41_48_58_50_50_49_52_53_53_49_49_50_54_40_44_44_43_33_50_50_40_51_39_52_50_43_40_50_53_53_39_52_40_39_52_40_42_31_37_54_27_54_54_42_29_32_24_15_40_32_49_44_35_51_50_42_32_40_30_49_53_47_30_44_40_52_38_51_37_38_34_41_47_44_34_44_40_53_52_32_41_40_51_42_30_42_37_40_30_46_32_51_51_45_53_34_32_41_36_27_40_34_46_31_47_21_51_39_15_32_16_32_40_51_31_34_40_32_32_40_30_37_30_21_18_13_15_18_31_30_30_18_40_40_6_8_10_12_7_6_8_30_30_13_5_4_20_14_9_0.1_0.1_0.1_0.1_0.1_0.1_0.1_0.1_0.1_0.1_0.1_0.1_0.1_0.1_0.1_0.1_0.1_0.1_0.1_0.1","CCACATGCTCCACCACTTGTGCGGGCCCCCGTCAATTCCTTTGAGTTTCAACCTTGCGGTCGTACTCCCCAGGCGGAATACTTAATGCGTTAGCTGCGGCACTGAAGGGCGGAAACCCTCCAACACCTAGTATTCATCGTTTACGGCATGGACTACCAGGGTATCTAATCCTGTTCGCTACCCATGCTTTCGAGCCTCAGCGTCAGTAACAGACCAGAAAGCCGCCTTCGCCACTGGTGTTCTTCCATATATCTACGCATTTCACCGCTACACATGGAGTTCCACTTTCCTCTTCTGTACTCAAGTTTTGTAGTTTCCACTGCACTTCCTCAGTTGAGCTGAGGGCTTTCACAGCAGACTTACAAAACCGCCTGCGCTCGCTTTACGCCCAATAAATCCGGACAACGCTTGCCACCTACGTATTACCGCGGCTGCTGGCACGTAGTTAGCCGTGGCTTTCTGGTTAAATACCGTCAAAGTGTTAACAGTTACTCTAACACTTGTTCTTCTTTAACAACAGAGTTTTACGATCCGAAA",50.92,0,537,"Apilactobacillus kunkeei (ATCC 700308)","NR_026404.1",100,"Bacillota","Bacilli","Lactobacillales","Lactobacillaceae","Apilactobacillus","Apilactobacillus kunkeei",75,78.5,82,86.5,94.5,98.7
"C:/Users/Brendan Daisley/Documents/GITHUB/isolateR/examples/honeybee_isolates/isolateR_output","","2023_06_28","CA0245","NNNNNNNNNNNNNNTGNNCTACCTGTCATTCTGTCCCCGAAAGGAACGCCCAATCTCTTGGGTTGNCAAAAGATGTCAAGAGCTGGTAAGGTTCTTCGCGTAGCATCGAATTAAACCACATGCTCCACCACTTGTGCGGGCCCCCGTCAATTCCTTTGAGTTTCAACCTTGCGGTCGTACTCCCCAGGCGGAATACTTAATGCGTTAGCTGCGGCACTGAAGGGCGGAAACCCTCCAACACCTAGTATTCATCGTTTACGGCATGGACTACCAGGGTATCTAATCCTGTTCGCTACCCATGCTTTCGAGCCTCAGCGTCAGTAACAGACCAGAAAGCCGCCTTCGCCACTGGTGTTCTTCCATATATCTACGCATTTCACCGCTACACATGGAGTTCCACTTTCCTCTTCTGTACTCAAGTTTTGTAGTTTCCACTGCACTTCCTCAGTTGAGCTGAGGGCTTTCACAGCAGACTTACAAAACCGCCTGCGCTCGCTTTACGCCCAATAAATCCGGACAACGCTTGCCACCTACGTATTACCGCGGCTGCTGGCACGTAGTTAGCCGTGGCTTTCTGGTTAAATACCGTCAAAGTGTTAACAGTTACTCTAACACTTGTTCTTCTTTAACAACAGAGTTTTACGATCCGAAAACCTTCATCACTCACGCGGCGTTGCTCCATCAGACTTTCGTCCATTGTGGAAGATTCCCTACTGCTGCCTCCCGTACTTTAGTGNCTAATTANN",48.19,20,746,"3_2_3_3_4_9_4_4_5_6_4_5_6_9_18_21_9_6_22_16_14_32_22_40_32_22_17_13_15_19_25_19_22_25_33_31_32_19_25_22_18_13_25_17_25_31_27_22_32_30_22_37_30_39_31_31_27_50_36_56_37_44_42_42_50_10_12_17_19_30_16_15_59_36_31_46_46_46_56_43_62_62_59_62_62_59_59_62_62_62_59_59_56_56_56_56_56_56_59_59_59_59_49_59_59_59_59_51_59_56_54_54_59_59_59_59_54_46_49_49_56_54_34_38_54_49_51_59_59_59_50_48_56_59_46_59_59_56_54_56_56_56_62_59_59_59_40_50_51_50_56_59_56_48_56_59_56_54_56_56_59_59_56_59_59_59_59_59_54_54_62_51_56_59_59_59_56_46_49_49_56_59_51_59_59_59_59_62_50_56_56_54_56_59_59_59_56_50_56_50_50_62_48_54_54_56_59_50_56_48_62_59_59_59_51_51_59_59_59_59_59_59_62_62_44_56_56_59_59_59_59_59_56_56_56_59_50_56_59_56_59_59_56_59_51_54_62_59_59_59_56_59_59_59_59_59_59_59_59_56_59_40_38_50_59_43_59_59_59_59_59_59_49_59_62_56_56_59_59_59_59_59_59_48_50_43_45_54_46_59_59_49_51_51_59_59_50_50_49_50_59_51_56_59_59_59_46_59_59_59_59_59_59_59_51_56_62_56_56_50_56_56_59_50_49_46_38_59_49_43_43_24_56_45_56_56_56_59_44_59_59_59_56_56_45_59_51_45_51_40_43_50_50_59_59_59_56_56_46_56_59_51_59_59_59_59_59_59_59_59_59_45_59_51_59_59_62_59_59_62_62_56_56_59_50_56_34_50_45_50_56_31_28_56_59_59_59_59_51_51_59_56_56_59_51_50_56_56_56_41_36_56_38_51_56_56_56_56_56_56_50_51_51_41_56_38_51_50_56_56_56_56_56_51_56_46_49_50_51_56_56_56_56_56_56_62_56_33_51_56_56_56_38_56_56_56_56_43_56_56_51_56_56_62_62_56_56_56_56_38_38_25_43_36_56_56_62_62_56_62_62_62_62_62_39_47_41_36_56_43_56_62_56_56_47_47_56_56_62_62_62_56_62_62_39_62_62_52_62_62_62_62_62_43_38_52_48_42_42_54_52_47_52_52_43_62_52_44_52_54_54_52_52_52_40_48_52_49_41_46_38_46_46_52_52_47_52_52_54_51_52_54_38_52_52_54_54_52_54_46_54_54_52_48_54_58_52_52_58_47_52_54_52_54_54_54_58_41_54_43_48_47_48_51_49_54_48_54_52_51_48_58_54_49_50_54_46_40_51_48_47_48_50_49_49_50_54_51_58_50_49_49_51_40_50_48_44_51_49_51_52_49_48_53_53_49_43_58_42_39_37_50_49_46_40_58_37_51_53_51_31_32_24_12_31_26_44_43_40_50_44_42_41_41_40_47_53_50_37_49_50_52_49_53_53_40_45_42_53_54_47_53_53_53_52_40_50_39_53_52_27_51_53_53_29_54_39_54_51_42_44_40_31_51_37_31_38_44_52_37_49_24_51_38_18_41_27_37_47_51_46_40_52_40_44_49_45_45_47_47_26_28_14_17_15_21_23_32_27_40_47_26_40_18_14_21_7_32_32_37_13_15_19_11_6_4_0.1_0.1_0.1_0.1_0.1_0.1_0.1_0.1_0.1_0.1_0.1_0.1_0.1_0.1_0.1_0.1_0.1_0.1_0.1","ATTAAACCACATGCTCCACCACTTGTGCGGGCCCCCGTCAATTCCTTTGAGTTTCAACCTTGCGGTCGTACTCCCCAGGCGGAATACTTAATGCGTTAGCTGCGGCACTGAAGGGCGGAAACCCTCCAACACCTAGTATTCATCGTTTACGGCATGGACTACCAGGGTATCTAATCCTGTTCGCTACCCATGCTTTCGAGCCTCAGCGTCAGTAACAGACCAGAAAGCCGCCTTCGCCACTGGTGTTCTTCCATATATCTACGCATTTCACCGCTACACATGGAGTTCCACTTTCCTCTTCTGTACTCAAGTTTTGTAGTTTCCACTGCACTTCCTCAGTTGAGCTGAGGGCTTTCACAGCAGACTTACAAAACCGCCTGCGCTCGCTTTACGCCCAATAAATCCGGACAACGCTTGCCACCTACGTATTACCGCGGCTGCTGGCACGTAGTTAGCCGTGGCTTTCTGGTTAAATACCGTCAAAGTGTTAACAGTTACTCTAACACTTGTTCTTCTTTAACAACAGAGTTTTACGATCCGAAAACCTTCATCACTCACGCGGCGTTGCTCCAT",52.56,0,573,"Apilactobacillus kunkeei (ATCC 700308)","NR_026404.1",100,"Bacillota","Bacilli","Lactobacillales","Lactobacillaceae","Apilactobacillus","Apilactobacillus kunkeei",75,78.5,82,86.5,94.5,98.7
"C:/Users/Brendan Daisley/Documents/GITHUB/isolateR/examples/honeybee_isolates/isolateR_output","","2023_06_28","CA0246","NNNNNNNNNNNNNNNNGNNCNNCNTGTNNNTNNGCCCCTGANNNNANCNCNNANTNTNTTGGGTTGNNAAAAGATGTCAAGAGCTGGTAAGGTTCTTCGCGTAGCATCGAATTAAACCACATGCTCCACCACTTGTGCGGGCCCCCGTCAATTCCTTTGAGTTTCAACCTTGCGGTCGTACTCCCCAGGCGGAATACTTAATGCGTTAGCTGCGGCACTGAAGGGCGGAAACCCTCCAACACCTAGTATTCATCGTTTACGGCATGGACTACCAGGGTATCTAATCCTGTTCGCTACCCATGCTTTCGAGCCTCAGCGTCAGTAACAGACCAGAAAGCCGCCTTCGCCACTGGTGTTCTTCCATATATCTACGCATTTCACCGCTACACATGGAGTTCCACTTTCCTCTTCTGTACTCAAGTTTTGTAGTTTCCACTGCACTTCCTCAGTTGAGCTGAGGGCTTTCACAGCAGACTTACAAAACCGCCTGCGCTCGCTTTACGCCCAATAAATCCGGACAACGCTTGCCACCTACGTATTACCGCGGCTGCTGGCACGTAGTTAGCCGTGGCTTTCTGGTTAAATACCGTCAAAGTGTTAACAGTTACTCTAACACTTGTTCTTCTTTAACAACAGAGTTTTACGATCCGAAAACCTTCATCACTCACGCGGCGTTGCTCCATCAGACTTTCGTCCATTGTGGAAGATTCCCTACTGCTGCCTNCCGTACTAGAGTGNGGGATTNNNN",44.49,45,748,"7_4_2_4_5_5_5_4_4_4_7_9_6_6_9_8_13_8_6_11_5_8_12_9_21_19_14_9_6_9_12_9_10_11_12_24_17_22_16_13_13_9_4_6_6_12_9_13_8_15_10_9_17_10_22_9_17_10_27_24_38_23_15_22_23_20_8_9_12_22_16_13_11_37_31_26_26_26_22_14_18_38_56_50_56_56_59_59_62_62_59_59_43_46_56_59_59_59_56_46_59_59_45_43_45_45_50_51_41_51_56_59_46_56_51_51_56_51_49_51_46_50_59_48_56_59_51_51_59_59_51_50_56_50_59_46_54_59_59_54_59_59_59_59_56_56_59_23_35_40_43_50_49_59_59_56_59_56_56_43_50_59_59_56_51_59_56_59_59_56_59_62_51_51_56_40_51_51_39_37_49_51_51_50_59_50_49_51_59_51_59_59_54_59_59_59_49_56_51_50_50_51_59_49_59_59_59_59_51_56_38_54_56_56_59_49_51_49_56_46_59_50_50_62_59_49_59_56_59_56_59_59_59_59_59_56_49_43_49_51_49_51_46_40_56_43_46_56_59_51_51_43_51_51_51_50_56_51_56_49_50_56_34_41_49_59_39_49_49_56_56_56_51_49_50_59_50_46_51_51_51_51_51_51_51_43_34_39_50_37_51_51_43_49_49_49_50_46_50_49_49_56_39_50_46_56_51_49_56_56_56_59_56_56_51_39_49_50_45_45_45_56_51_59_59_43_43_41_56_43_41_39_19_50_43_39_56_56_56_51_56_59_59_51_51_34_45_43_43_51_43_59_51_37_46_50_51_51_50_50_50_44_43_59_59_59_51_59_51_56_51_59_43_56_51_59_59_56_59_56_59_59_51_51_44_51_59_45_51_51_51_59_50_51_56_56_59_59_59_51_51_51_56_45_50_45_50_56_56_56_50_50_56_38_50_56_51_51_51_51_56_51_51_38_32_56_32_38_50_51_56_51_56_44_51_56_56_56_51_42_51_56_50_56_51_56_56_51_42_50_46_56_56_42_51_56_56_51_43_62_43_51_62_56_56_56_56_56_51_42_31_38_22_43_39_51_56_56_56_56_62_62_62_56_56_39_43_47_43_56_46_56_62_62_43_33_38_47_47_56_56_56_42_56_56_38_47_56_56_56_52_48_52_48_43_38_52_43_42_43_52_52_42_46_52_43_52_43_41_47_47_62_48_52_52_38_40_52_53_42_52_47_52_42_52_52_52_52_52_54_52_52_52_42_52_42_46_50_50_52_35_54_54_52_54_54_52_31_34_52_42_52_54_54_54_54_54_54_45_42_43_52_52_48_49_52_53_51_51_50_42_37_50_50_48_48_45_26_48_48_47_49_41_47_49_47_50_51_52_52_47_40_48_53_42_50_48_43_51_47_41_52_53_41_50_51_50_50_51_52_46_42_53_49_46_33_54_37_52_51_50_25_29_24_13_35_33_53_49_33_50_50_50_32_47_39_47_41_50_32_41_47_52_40_53_34_34_30_37_50_50_46_42_52_49_50_38_44_52_49_37_27_50_35_47_24_54_33_54_51_40_53_41_28_47_40_36_42_40_52_23_52_31_52_52_29_33_16_40_44_54_37_40_45_36_34_47_32_37_34_29_30_25_9_21_19_21_15_32_27_41_40_21_26_23_24_31_9_30_51_37_17_31_11_6_5_5_5_0.1_0.1_0.1_0.1_0.1_0.1_0.1_0.1_0.1_0.1_0.1_0.1_0.1_0.1_0.1_0.1_0.1","CCACATGCTCCACCACTTGTGCGGGCCCCCGTCAATTCCTTTGAGTTTCAACCTTGCGGTCGTACTCCCCAGGCGGAATACTTAATGCGTTAGCTGCGGCACTGAAGGGCGGAAACCCTCCAACACCTAGTATTCATCGTTTACGGCATGGACTACCAGGGTATCTAATCCTGTTCGCTACCCATGCTTTCGAGCCTCAGCGTCAGTAACAGACCAGAAAGCCGCCTTCGCCACTGGTGTTCTTCCATATATCTACGCATTTCACCGCTACACATGGAGTTCCACTTTCCTCTTCTGTACTCAAGTTTTGTAGTTTCCACTGCACTTCCTCAGTTGAGCTGAGGGCTTTCACAGCAGACTTACAAAACCGCCTGCGCTCGCTTTACGCCCAATAAATCCGGACAACGCTTGCCACCTACGTATTACCGCGGCTGCTGGCACGTAGTTAGCCGTGGCTTTCTGGTTAAATACCGTCAAAGTGTTAACAGTTACTCTAACACTTGTTCTTCTTTAACAACAGAGTTTTACGATCCGAAAACCTTCATCACT",50.03,0,549,"Apilactobacillus kunkeei (ATCC 700308)","NR_026404.1",100,"Bacillota","Bacilli","Lactobacillales","Lactobacillaceae","Apilactobacillus","Apilactobacillus kunkeei",75,78.5,82,86.5,94.5,98.7
"C:/Users/Brendan Daisley/Documents/GITHUB/isolateR/examples/honeybee_isolates/isolateR_output","","2023_06_28","CA0247","NNNNNNNNNNNNNNNNNNNCNCNNNGTNNNNNNGCCCCTNAANNNAANNCGNANTTTNNTGNGGTTGNNAAAANATGTNNAGAGCTGGTAAGGTTCTTCGCGTAGCATCGAATTAAACCACATGCTCCACCACTTGTGCGGGCCCCCGTCAATTCCTTTGAGTTTCAACCTTGCGGTCGTACTCCCCAGGCGGAATACTTAATGCGTTAGCTGCGGCACTGAAGGGCGGAAACCCTCCAACACCTAGTATTCATCGTTTACGGCATGGACTACCAGGGTATCTAATCCTGTTCGCTACCCATGCTTTCGAGCCTCAGCGTCAGTAACAGACCAGAAAGCCGCCTTCGCCACTGGTGTTCTTCCATATATCTACGCATTTCACCGCTACACATGGAGTTCCACTTTCCTCTTCTGTACTCAAGTTTTGTAGTTTCCACTGCACTTCCTCAGTTGAGCTGAGGGCTTTCACAGCAGACTTACAAAACCGCCTGCGCTCGCTTTACGCCCAATAAATCCGGACAACGCTTGCCACCTACGTATTACCGCGGCTGCTGGCACGTAGTTAGCCGTGGCTTTCTGGTTAAATACCGTCAAAGTGTTAACAGTTACTCTAACACTTGTTCTTCTTTAACAACAGAGTTTTACGATCCGAAAACCTTCATCACTCACGCGGCGTTGCTCCATCAGACTTTCGTCCATTGTGGAAGATTCCCTACTGCTGCCTNCCGNACTTTAGTGAGGGNTNANNN",40.91,52,749,"4_3_2_2_4_4_3_4_4_5_5_5_5_9_5_5_9_9_6_15_6_11_5_6_6_12_17_18_9_9_4_10_9_18_18_25_25_18_19_9_15_13_9_5_6_12_14_10_9_18_19_9_22_14_22_13_21_10_9_12_31_9_20_20_16_22_20_10_10_14_26_11_12_10_17_23_11_15_10_7_16_11_14_38_35_37_41_44_56_62_62_44_59_56_59_56_56_56_56_44_43_50_45_34_39_45_41_45_50_41_56_56_59_59_56_50_50_59_51_43_51_49_50_59_50_46_51_43_41_49_49_34_46_50_50_59_38_56_59_59_62_46_59_56_59_51_51_49_26_43_39_49_51_50_56_56_56_56_56_56_56_51_59_59_59_51_56_51_59_59_59_62_62_59_50_56_40_56_51_39_43_49_51_51_51_59_56_56_56_56_50_59_59_59_56_56_59_49_59_56_56_59_59_62_49_59_59_59_59_51_59_59_62_59_59_56_43_49_49_56_49_59_38_40_50_38_30_46_50_59_50_50_56_50_50_50_45_38_39_40_49_40_50_50_43_51_41_39_51_51_46_46_34_43_49_49_50_48_46_51_49_41_51_30_40_43_56_43_49_51_43_51_43_43_39_43_59_50_49_49_46_46_49_43_49_43_51_43_34_51_34_34_41_34_51_49_51_56_48_50_49_43_56_35_46_50_46_56_49_50_50_46_46_49_39_49_41_43_49_43_39_34_43_43_49_51_34_34_30_49_41_34_34_18_36_35_30_50_50_48_46_43_50_43_50_50_34_36_38_41_43_44_51_50_34_56_34_43_43_41_39_39_44_34_51_51_56_45_50_50_45_43_56_43_51_45_59_56_59_59_51_51_59_45_45_43_45_56_43_50_51_56_56_43_43_38_45_51_56_59_51_47_51_51_34_45_38_45_51_51_50_50_38_56_34_45_44_38_44_43_45_51_45_51_50_45_44_41_51_51_51_59_51_59_51_35_39_38_50_35_32_51_56_56_56_51_42_39_38_31_38_51_51_51_42_51_51_56_56_44_56_44_37_56_56_44_51_42_51_39_31_31_38_20_56_31_51_42_42_56_56_56_56_47_51_56_51_51_56_51_56_56_38_56_56_39_26_31_38_39_56_47_43_42_50_56_37_39_38_29_39_46_38_56_56_43_37_43_56_22_31_38_40_31_39_43_35_56_35_32_35_43_47_35_43_38_28_42_38_39_29_47_47_47_24_40_41_40_52_38_43_38_35_41_24_41_50_47_43_35_46_24_34_42_35_41_41_42_34_35_48_28_40_52_52_54_52_47_46_36_41_41_47_52_42_52_52_53_52_54_50_52_42_52_52_47_50_52_41_41_52_52_52_50_27_34_30_37_40_37_52_39_40_37_42_50_46_48_48_54_52_47_52_46_41_49_50_47_30_37_46_40_41_34_42_28_19_47_35_49_47_47_30_33_34_17_36_36_50_50_40_50_40_42_42_47_34_50_47_40_31_50_50_46_46_46_46_39_28_28_40_31_26_34_50_46_42_46_49_49_50_42_27_50_46_50_13_51_19_50_46_35_40_25_27_30_29_26_39_39_42_23_50_50_50_38_24_50_24_41_51_46_29_35_40_35_37_50_33_33_41_34_19_25_10_16_13_11_10_17_13_22_38_29_38_29_13_27_16_15_40_30_9_12_6_13_5_6_6_0.1_0.1_0.1_0.1_0.1_0.1_0.1_0.1_0.1_0.1_0.1_0.1_0.1_0.1_0.1_0.1","ATGCTCCACCACTTGTGCGGGCCCCCGTCAATTCCTTTGAGTTTCAACCTTGCGGTCGTACTCCCCAGGCGGAATACTTAATGCGTTAGCTGCGGCACTGAAGGGCGGAAACCCTCCAACACCTAGTATTCATCGTTTACGGCATGGACTACCAGGGTATCTAATCCTGTTCGCTACCCATGCTTTCGAGCCTCAGCGTCAGTAACAGACCAGAAAGCCGCCTTCGCCACTGGTGTTCTTCCATATATCTACGCATTTCACCGCTACACATGGAGTTCCACTTTCCTCTTCTGTACTCAAGTTTTGTAGTTTCCACTGCACTTCCTCAGTTGAGCTGAGGGCTTTCACAGCAGACTTACAAAACCGCCTGCGCTCGCTTTACGCCCAATAAATCCGGACAACGCTTGCCACCTACGTATTACCGCGGCTGCTGGCACGTAGTTAGCCGTGGCTTTCTGGTTAAATACCGTCAAAGTGTTAACAGTTACTCTAACACTTGTTCTTCTTTAACAACAGAGTTTTACGATCCGA",46.21,0,531,"Apilactobacillus kunkeei (ATCC 700308)","NR_026404.1",100,"Bacillota","Bacilli","Lactobacillales","Lactobacillaceae","Apilactobacillus","Apilactobacillus kunkeei",75,78.5,82,86.5,94.5,98.7
"C:/Users/Brendan Daisley/Documents/GITHUB/isolateR/examples/honeybee_isolates/isolateR_output","","2023_06_28","HB1034","NNNNANNNNNNNNNNTGNTCTACTTCNGNTATCTTCTTAGTGGGTTAAAGCTTCNTCTGACGCTGCTATTTANTGTTGGATGGNGGTCTCCCCTTGCATTTTGGGAGCAGCCCAGAGTAGACGGTTGCCTGCTGTATTTNGNAGGGGGTNAANAGTTNANATCNTGCTGGTGCCTGCNNTCTTNNNNGNGGNGNNTANNGGGTNANCTGCATTAATGAGNGGCGGAAACNNCGCAACACTTACCACACTTCGTGNATTGTATGNACTACCAGGGTATTGAATCCTGGTCGCTACCTGTGCTTTCTAACNTNNGNNTNNATNNGGANNNNANAGCCGCCTTCGCCACTGGTGNTGTTCCATATATCTACTCATTCCACCGCTACANATGGAGTTCCACTCTCCTCTTCTGCACTCAAGAAAAATAGTTTCAGTTGCACTTCCCCAGTTAAGCTGGGGGCTTTCACAGCTGACTTATTCTCCCGCCTGCGTTCNCTTTACGCCCAATAAATCCGGACAACGCTTGCCACCTACGTATTACCGCGGCTGCTGGCACGTAGTTAGCCGTGACTTTCTGGTTGATTACCGTCAAACAAGAATCAGTTACTACCCTTGTCCTTCTTCACCAACAACAGAGCTTTACGATCCCGAAAACCTTCTTCACTCACGCGGCGTTGCTCCATCAGACTTGCGTCCNATTGTGGAGANATTCCCTACNGCTGNCTTCCCGTACTTTAAGTGAGGGGTAAANN",27.31,69,749,"6_3_6_5_11_5_7_5_8_9_6_7_5_4_6_12_11_10_16_18_13_21_17_13_12_15_9_15_10_12_18_12_23_23_18_25_19_15_26_13_20_33_17_18_13_18_11_30_14_14_27_20_15_15_10_18_18_25_24_22_11_20_24_16_11_11_13_13_15_18_15_14_7_11_13_16_11_28_13_11_13_19_13_7_18_13_12_14_13_13_13_15_17_13_21_18_11_17_12_19_13_13_18_16_13_13_11_13_13_13_24_18_12_15_19_30_28_11_28_18_18_13_11_24_11_18_13_11_16_18_18_23_12_27_12_13_19_23_19_13_13_10_11_15_13_23_18_13_13_10_13_15_13_28_11_13_18_9_13_10_36_14_18_9_16_27_26_13_15_11_17_13_13_13_12_15_15_13_9_19_18_16_18_8_10_9_9_11_10_18_18_7_18_7_10_13_24_9_8_24_13_11_13_10_16_10_13_23_13_13_12_11_13_13_11_18_18_13_17_10_21_22_21_13_18_24_19_23_23_10_10_13_13_11_11_18_17_13_13_23_27_34_11_27_19_13_15_16_12_23_23_13_18_18_8_13_12_11_18_11_13_13_33_10_18_12_13_18_13_13_22_13_30_27_13_24_24_11_13_13_18_12_18_15_19_24_15_19_18_11_23_20_23_19_12_13_13_16_21_12_18_19_13_13_13_18_18_18_10_13_10_8_13_8_9_14_10_10_11_12_10_10_13_13_21_10_8_9_10_14_10_14_23_19_23_13_19_17_11_12_12_12_13_13_13_19_16_25_18_13_18_10_13_13_13_18_18_28_13_30_17_18_13_18_18_18_13_21_13_13_30_24_24_23_13_13_19_18_12_11_13_19_13_28_10_12_43_51_43_43_49_51_51_56_49_39_51_43_46_43_46_37_50_56_46_49_49_43_46_37_46_50_50_50_49_46_43_62_56_59_59_59_56_49_49_43_50_49_51_43_43_62_62_59_59_49_59_59_59_51_50_48_48_43_41_43_50_50_56_34_43_48_43_48_54_54_56_50_56_56_56_50_43_46_46_43_49_46_50_46_34_50_35_59_56_48_56_28_46_50_45_43_45_45_36_56_51_59_19_18_15_10_23_24_56_46_50_46_43_56_56_51_47_51_51_59_50_56_51_51_38_34_50_56_56_59_59_59_51_56_59_50_62_56_44_51_56_45_50_56_34_24_31_31_37_32_39_38_39_47_56_56_44_44_37_56_38_36_24_28_27_38_38_38_32_44_30_39_31_50_51_51_56_51_38_56_51_56_56_43_37_37_33_38_42_51_47_39_54_56_56_51_51_38_37_30_31_23_50_43_27_38_24_24_56_33_56_38_38_30_39_43_50_43_46_50_46_41_36_47_47_56_33_56_40_43_42_52_38_33_38_31_28_18_25_24_43_34_24_33_23_22_39_35_41_46_47_25_35_39_27_40_31_14_35_27_34_42_43_35_25_29_27_32_33_50_50_42_46_38_39_32_32_42_52_41_41_42_52_35_41_27_28_26_32_37_35_35_37_50_46_46_27_58_30_58_32_32_22_13_27_23_22_8_19_39_52_54_39_39_15_23_27_19_10_32_13_32_39_37_30_22_33_30_10_26_18_33_26_8_18_15_22_14_16_19_13_25_23_20_23_27_29_19_13_17_16_13_16_35_30_16_16_20_12_27_13_9_8_0.1_0.1_0.1_0.1_0.1_0.1_0.1_0.1_0.1_0.1_0.1_0.1_0.1_0.1_0.1_0.1","GTTTCAGTTGCACTTCCCCAGTTAAGCTGGGGGCTTTCACAGCTGACTTATTCTCCCGCCTGCGTTCNCTTTACGCCCAATAAATCCGGACAACGCTTGCCACCTACGTATTACCGCGGCTGCTGGCACGTAGTTAGCCGTGACTTTCTGGTTGATTACCGTCAAACAAGAATCAGTTACTACCCTTGTCCTTCTTCACCAACAAC",44.39,1,206,"Lactobacillus helsingborgensis (Bma5N)","NR_126253.1",100,"Bacillota","Bacilli","Lactobacillales","Lactobacillaceae","Lactobacillus","Lactobacillus helsingborgensis",75,78.5,82,86.5,94.5,98.7
"C:/Users/Brendan Daisley/Documents/GITHUB/isolateR/examples/honeybee_isolates/isolateR_output","","2023_06_28","HB1044","NNNNNNNNNNNNNGNACCACCTGTNACTCTGCCCCCGAAGGGGAAGCCCTATCTCTAGGGTTGTCAGAGGATGTNAAGACCTGGTAAGGTTCTTCGCGTTGCTTCGAATTAAACCACATGCTCCACCGCTTGTGCGGGCCCCCGTCAATTCCTTTGAGTTTCAGTCTTGCGACCGTACTCCCCAGGCGGAGTGCTTAATGCGTTTGCTGCAGCACTAAAGGGCGGAAACCCTCTAACACTTAGCACTCATCGTTTACGGCGTGGACTACCAGGGTATCTAATCCTGTTCGCTCCCCACGCTTTCGCGCCTCAGCGTCAGTTACAGACCAGAGAGTCGCCTTCGCCACTGGTGTTCCTCCACATCTCTACGCATTTCACCGCTACACGTGAAATTCCACTCTCCTCTTCTGCACTCAAGTTCCCCAGTTTCCAATGACCCTCCCCGGTTGAGCCGGGGGCTTTCACATCAGACTTAAGAAACCGCCTGCGCGCGCTTTACGCCCAATAATTCCGGACAACGCTTGCCACCTACGTATTACCGCGGCTGCTGGCACGTAGTTAGCCGTGGCTTTCTGGTTAGGTACCGTCAAGGTNCCGCCCTATTCGAACGGTACTTGTTCTTCCCTAACAACAGAGTTTTACGATCCGAAAACCTTCATCACTCACGCGGCGTTGCTCCGTCAGACTTTCGTCCATTGCGGAAGATTCCCTACTGCTGCCTNCCGTACTTTAGTGAGGGGTNNNNN",43.33,23,746,"5_5_5_4_9_5_4_4_5_5_5_5_8_11_9_18_22_13_16_32_44_25_32_22_10_18_21_40_41_30_52_39_42_33_34_33_26_33_35_42_52_50_42_41_42_33_47_50_42_51_42_51_31_31_32_32_32_27_34_32_39_41_59_39_39_21_17_24_18_18_17_13_16_21_10_16_34_40_49_43_46_59_62_51_49_56_59_59_59_49_56_51_50_48_56_49_51_59_59_43_49_43_51_46_43_32_59_56_48_49_49_43_46_51_49_43_49_43_46_56_38_46_50_43_41_51_50_59_46_48_38_59_43_59_49_51_56_49_49_51_50_51_59_49_46_59_49_49_51_50_49_49_51_48_48_48_48_45_56_51_49_49_49_46_46_51_46_49_59_43_30_49_49_40_43_27_40_41_43_49_39_36_34_39_34_51_34_46_43_43_49_34_46_19_28_27_30_30_34_56_30_34_43_49_43_56_38_46_51_49_51_34_50_51_49_49_34_40_30_41_59_43_30_37_34_49_34_39_43_34_34_46_35_44_43_43_39_43_34_34_40_51_41_49_51_51_59_56_39_51_43_40_51_56_46_50_43_43_59_34_43_39_56_34_49_49_43_38_36_35_34_40_59_43_39_36_43_40_39_51_43_46_49_43_46_59_51_43_41_34_41_43_49_46_43_43_40_40_40_43_50_49_49_43_30_43_49_51_49_37_34_34_13_37_36_34_34_23_34_46_46_49_43_34_34_59_59_34_49_18_50_34_51_41_34_34_18_41_43_43_43_49_34_43_36_34_40_36_46_39_28_46_40_43_49_43_37_46_49_34_51_41_51_49_43_43_46_34_50_34_49_56_51_56_56_51_51_51_56_59_51_43_48_59_43_49_39_13_23_13_23_18_59_54_48_46_34_43_49_50_43_51_45_45_51_45_50_50_45_56_50_43_46_45_50_43_51_50_56_46_59_59_56_51_45_43_45_56_50_59_47_51_56_59_62_44_59_59_59_59_56_59_50_46_56_59_45_50_59_59_51_59_56_59_59_62_43_45_31_50_38_50_50_38_51_42_51_50_38_20_56_42_51_38_51_51_26_56_56_56_56_56_50_51_56_50_56_56_56_62_56_56_56_56_56_56_56_56_51_11_23_25_13_18_20_56_62_56_62_62_62_38_38_56_43_42_39_56_56_38_47_56_27_62_56_41_56_56_62_56_56_56_47_56_52_54_49_52_51_52_52_62_52_43_52_52_62_52_52_62_52_62_52_62_52_52_62_38_54_54_51_54_44_52_52_52_58_48_52_54_52_52_52_52_52_54_54_54_44_52_54_52_52_54_52_54_47_52_52_52_46_31_13_9_22_24_43_48_54_52_52_54_46_43_52_25_48_50_51_49_48_42_50_52_50_47_50_50_49_52_51_53_52_47_47_44_48_50_40_41_49_54_48_42_58_43_51_53_52_49_50_41_34_51_46_46_42_26_43_50_48_30_49_52_53_47_51_42_53_49_50_51_58_47_47_50_51_54_58_40_50_50_51_51_50_51_49_54_51_50_43_43_40_32_58_21_39_42_44_54_40_40_50_41_32_46_42_49_40_39_30_51_42_32_41_24_39_50_50_44_40_40_40_40_44_40_47_45_23_18_17_6_16_13_27_31_37_31_40_33_16_18_24_26_29_13_15_26_22_18_22_6_7_6_9_6_0.1_0.1_0.1_0.1_0.1_0.1_0.1_0.1_0.1_0.1_0.1_0.1_0.1_0.1_0.1_0.1_0.1_0.1_0.1","AGACCTGGTAAGGTTCTTCGCGTTGCTTCGAATTAAACCACATGCTCCACCGCTTGTGCGGGCCCCCGTCAATTCCTTTGAGTTTCAGTCTTGCGACCGTACTCCCCAGGCGGAGTGCTTAATGCGTTTGCTGCAGCACTAAAGGGCGGAAACCCTCTAACACTTAGCACTCATCGTTTACGGCGTGGACTACCAGGGTATCTAATCCTGTTCGCTCCCCACGCTTTCGCGCCTCAGCGTCAGTTACAGACCAGAGAGTCGCCTTCGCCACTGGTGTTCCTCCACATCTCTACGCATTTCACCGCTACACGTGAAATTCCACTCTCCTCTTCTGCACTCAAGTTCCCCAGTTTCCAATGACCCTCCCCGGTTGAGCCGGGGGCTTTCACATCAGACTTAAGAAACCGCCTGCGCGCGCTTTACGCCCAATAATTCCGGACAACGCTTGCCACCTACGTATTACCGCGGCTGCTGGCACGTAGTTAGCCGTGGCTTTCTGGTTAGGTACCGTCAAGGTNCCGCCCTATTCGAACGGTACTTGTTCTTCCCTAACAACAGAGTTTTACGATCCGAAAACCTTCATCACTCACGCGGCGTTGCT",46.59,1,601,"Bacillus piscis (16MFT21)","NR_165685.1",99.8,"Bacillota","Bacilli","Bacillales","Bacillaceae","Bacillus","Bacillus piscis",75,78.5,82,86.5,94.5,98.7
"C:/Users/Brendan Daisley/Documents/GITHUB/isolateR/examples/honeybee_isolates/isolateR_output","","2023_07_06","HB1045","NNNNNNNNNNNNNNNCNTGCNNNNCNTNNTNNAACNGGCNNNNNNNANNNGCCGCGTCTCCGCGGCCGTCCGGCACATGTCAAGCCCAGGTAAGGTTCTTCGCGTTGCATCGAATTAATCCGCATGCTCCGCCGCTTGTGCGGGCCCCCGTCAATTTCTTTGAGTTTTAGCCTTGCGGCCGTACTCCCCAGGCGGGATGCTTAACGCGTTAGCTCCGACACGGAACCCGTGGAACGGGCCCCACATCCAGCATCCACCGTTTACGGCGTGGACTACCAGGGTATCTAATCCTGTTCGCTCCCCACGCTTTCGCTCCTCAGCGTCAGTGACGGCCCAGAGACCTGCCTTCGCCATCGGTGTTCTTCCCGATATCTACACATTCCACCGTTACACCGGGAATTCCAGTCTCCCCTACCGCACTCCAGTCCGCCCGTACCCGGCGCCGATCCACCGTTAAGCGATGGACTTTCACACCAGACGCGACGAACCGCCTACGAGCCCTTTACGCCCAATAAATCCGGATAACGCTTGCACCCTACGTATTACCGCGGCTGCTGGCACGTAGTTAGCCGGTGCTTATTCGAAAGGTACACTCACTCTCGCTTGCTCCCAATCAAAAGCGGTTTACAACCCGAAGGCCGTCATCCCGCACGCGGCGTCGCTGCATCAGGCTTGCGCCCATTGTGCAATATTCCCCACTGCTGCCTCCCGTACTTAAGTGAGGGNTTAANN",44.45,39,732,"5_3_2_4_5_3_5_3_4_5_5_8_4_4_5_11_5_15_15_13_4_5_9_8_11_5_13_7_6_12_8_6_16_13_19_10_24_18_16_6_5_4_5_9_9_5_12_4_9_10_36_42_35_21_13_52_35_41_42_50_39_50_35_46_42_32_31_56_56_50_42_56_42_31_41_31_42_56_56_56_37_44_51_47_56_56_44_44_56_59_44_50_51_59_44_43_50_50_51_51_51_45_45_51_56_51_56_43_43_51_51_45_56_59_59_59_56_51_56_59_50_38_39_43_43_50_46_46_50_49_56_43_46_51_46_40_50_59_39_49_49_36_43_49_59_59_59_59_51_51_41_41_43_43_51_50_49_43_46_50_51_43_43_37_46_49_43_49_49_49_51_50_50_50_56_35_56_59_50_56_59_43_39_49_46_51_49_59_56_59_50_56_43_51_51_41_46_46_59_49_56_46_56_51_59_51_46_50_50_49_51_46_56_56_56_50_46_59_51_50_51_56_43_59_51_49_50_39_51_34_59_49_59_59_49_59_56_51_56_56_56_51_49_50_50_59_56_46_34_51_39_46_49_51_43_43_50_36_56_43_59_56_59_59_56_59_43_56_45_59_43_47_47_51_56_50_50_43_50_59_50_45_59_59_51_50_56_56_56_50_43_45_59_45_45_43_36_43_43_50_45_59_51_56_51_56_56_56_59_56_45_34_35_28_50_43_50_45_51_43_43_45_34_43_30_45_39_50_44_44_45_35_35_59_34_34_18_44_25_44_51_45_45_56_50_46_56_56_51_41_45_43_43_45_59_45_39_30_51_50_51_51_51_56_56_51_38_38_56_42_56_56_51_51_56_51_37_56_39_56_56_50_37_47_51_38_44_51_56_56_56_42_56_36_56_51_51_56_56_47_56_56_40_39_56_56_62_56_62_56_56_56_51_56_56_50_56_51_51_51_56_56_37_56_42_51_56_56_56_56_56_56_56_56_56_56_56_56_56_56_56_56_51_39_42_56_42_43_43_56_54_56_56_56_43_56_56_43_50_56_56_56_56_41_36_43_56_56_56_56_50_56_56_62_43_47_31_56_46_56_62_39_43_38_35_52_52_52_52_52_52_52_43_52_46_28_47_42_52_52_47_52_52_49_52_44_43_47_43_33_38_52_52_52_52_52_52_52_38_46_47_52_42_50_52_52_48_38_52_40_52_52_50_46_52_52_52_52_52_47_52_52_54_54_54_54_54_54_51_52_35_50_47_52_40_40_47_35_42_47_41_43_52_52_39_52_44_48_52_52_52_52_52_42_52_48_52_52_52_54_52_52_28_42_47_43_52_42_37_41_40_50_48_52_53_52_51_52_53_52_50_50_47_50_50_49_50_41_49_43_24_40_48_49_50_51_47_38_41_50_47_58_42_39_58_33_43_41_54_46_51_49_48_31_49_40_52_50_48_42_50_40_50_35_51_51_50_50_47_46_52_41_49_49_58_51_40_50_40_50_27_41_50_41_52_42_51_44_35_40_44_29_58_29_50_50_25_53_53_52_37_49_30_50_38_52_40_43_43_40_50_42_26_42_37_31_25_41_45_39_45_49_39_35_33_16_18_15_31_18_26_19_40_32_40_40_14_32_24_18_35_22_18_39_14_9_16_13_25_23_5_8_0.1_0.1_0.1_0.1_0.1_0.1_0.1_0.1_0.1_0.1_0.1_0.1_0.1_0.1_0.1_0.1_0.1_0.1_0.1_0.1_0.1_0.1_0.1_0.1_0.1_0.1_0.1_0.1_0.1_0.1_0.1_0.1_0.1","TTCTTCGCGTTGCATCGAATTAATCCGCATGCTCCGCCGCTTGTGCGGGCCCCCGTCAATTTCTTTGAGTTTTAGCCTTGCGGCCGTACTCCCCAGGCGGGATGCTTAACGCGTTAGCTCCGACACGGAACCCGTGGAACGGGCCCCACATCCAGCATCCACCGTTTACGGCGTGGACTACCAGGGTATCTAATCCTGTTCGCTCCCCACGCTTTCGCTCCTCAGCGTCAGTGACGGCCCAGAGACCTGCCTTCGCCATCGGTGTTCTTCCCGATATCTACACATTCCACCGTTACACCGGGAATTCCAGTCTCCCCTACCGCACTCCAGTCCGCCCGTACCCGGCGCCGATCCACCGTTAAGCGATGGACTTTCACACCAGACGCGACGAACCGCCTACGAGCCCTTTACGCCCAATAAATCCGGATAACGCTTGCACCCTACGTATTACCGCGGCTGCTGGCACGTAGTTAGCCGGTGCTTATTCGAAAGGTACACTCACTCTCGCTTGCTCCCAATCAAAAGCGGTTTACAACCCGAAGGCCGTCATCCCGCACGC",48.95,0,559,"Bifidobacterium asteroides (CCUG 24607)","NR_044154.1",100,"Actinomycetota","Actinomycetes","Bifidobacteriales","Bifidobacteriaceae","Bifidobacterium","Bifidobacterium asteroides",75,78.5,82,86.5,94.5,98.7
"C:/Users/Brendan Daisley/Documents/GITHUB/isolateR/examples/honeybee_isolates/isolateR_output","Poor alignment","2023_07_06","HB1060","NNNNNNNNNNNNNNNNNNNNNNCNNNNNNNNNNNGGGNNNAAAANAAGNTTGAGACTAACCTTTTTNNCTGAGCTAGTTGATGNTTTCTNGGCCTTTTTGGACGTTTTAACTTGNTGANTCNNNCTGCGGCNGNNCGNANNNCNNTGANGNCNNNNNNNTTTCAACCTTGCGGTCGTACTCCCCAGGCGGAGTGCTTAATGNGTTAGCTGNGGCACTGAAGGGCGGAAACCCTCCAACACCTANNACTCATCGTTTACGGCNTGGACTACCAGGGTATCTAATCCTGTTTGCTACCCATGCTTTCNAGCCTCAGCGTCAGTTACAGACCAAACANNCGCCTTCNNCACTGGTGTTCTTCCATATATCTACNCNTTTCACCNCTANNNNTGGAGTTCCACTGTCCTCTTCTGCACTCAAGTTTCCCAGTTTCCGATGAACTTCTNCNGTTGANCCNAAGGCTTTCANATCNNACTTAANAAACCGCCTGCNCTCNCTTTACGCCCANTAAANNCGGAN",19.54,96,517,"6_5_4_5_4_5_9_5_5_5_9_9_5_5_6_9_6_9_9_6_6_6_16_5_4_5_6_9_9_8_10_10_7_8_14_11_13_7_8_5_13_22_27_13_10_18_12_11_8_34_17_12_13_14_30_30_17_27_27_18_18_13_24_17_12_18_10_10_19_13_31_20_13_23_21_16_13_11_20_21_13_13_13_9_16_13_18_14_12_9_13_11_13_19_31_27_12_11_13_12_11_18_12_18_34_23_23_11_25_24_13_23_13_18_8_13_13_16_6_11_13_8_6_9_13_18_23_23_20_18_11_10_12_10_9_13_11_6_12_9_9_9_13_10_10_12_13_18_9_13_10_13_7_10_7_6_7_9_10_40_23_14_18_11_27_23_18_17_34_36_34_38_37_17_23_18_18_36_34_34_34_24_30_18_27_31_35_23_34_34_31_18_17_31_13_18_21_13_13_18_25_18_27_27_24_27_23_34_23_27_7_13_23_12_17_17_19_24_27_30_40_56_33_13_27_26_34_39_34_43_27_26_23_28_18_17_13_27_30_17_13_13_12_10_8_13_24_27_38_29_20_27_23_25_26_28_19_40_23_34_12_10_15_36_18_34_27_18_35_30_25_27_34_30_24_30_34_24_30_16_27_30_25_28_23_16_33_16_18_18_27_23_15_24_34_27_23_31_40_38_25_34_34_13_12_8_12_12_13_27_27_34_27_13_27_34_16_12_30_19_23_23_34_27_23_11_29_27_33_14_18_27_19_13_10_9_18_19_18_18_25_23_27_10_10_18_18_18_18_38_27_34_34_34_27_23_13_18_13_23_18_23_23_18_26_18_24_21_27_17_10_17_10_27_22_18_23_11_24_34_8_13_18_13_9_10_10_5_26_28_23_33_18_22_16_34_43_27_28_28_34_13_30_19_31_27_23_33_33_13_24_27_18_30_30_34_12_18_17_19_23_27_39_27_27_23_11_18_21_13_21_23_12_28_12_16_11_13_18_23_24_30_23_19_17_7_14_26_35_34_23_7_11_18_10_23_26_18_34_19_37_23_22_30_18_10_17_28_33_13_10_40_27_35_18_41_22_5_22_18_30_35_18_27_18_16_22_25_18_7_11_24_15_6_18_16_23_11_23_19_12_27_13_12_17_5_17_16_12_18_5_10_11_13_13_11_8_0.1_0.1_0.1_0.1_0.1_0.1_0.1_0.1_0.1_0.1_0.1_0.1_0.1_0.1_0.1_0.1_0.1_0.1_0.1_0.1_0.1_0.1_0.1_0.1_0.1_0.1_0.1_0.1_0.1_0.1_0.1_0.1_0.1_0.1_0.1_0.1_0.1_0.1_0.1_0.1_0.1_0.1_0.1_0.1_0.1_0.1_0.1_0.1_0.1_0.1_0.1_0.1_0.1_0.1_0.1_0.1_0.1_0.1_0.1_0.1_0.1_0.1_0.1_0.1_0.1_0.1_0.1_0.1_0.1_0.1_0.1_0.1_0.1_0.1_0.1_0.1_0.1_0.1_0.1_0.1_0.1_0.1_0.1_0.1_0.1_0.1_0.1_0.1_0.1_0.1_0.1_0.1_0.1_0.1_0.1_0.1_0.1_0.1_0.1_0.1_0.1_0.1_0.1_0.1_0.1_0.1_0.1_0.1_0.1_0.1_0.1_0.1_0.1_0.1_0.1_0.1_0.1_0.1_0.1_0.1_0.1_0.1_0.1_0.1_0.1_0.1_0.1_0.1_0.1_0.1_0.1_0.1_0.1_0.1_0.1_0.1_0.1_0.1_0.1_0.1_0.1_0.1_0.1_0.1_0.1_0.1_0.1_0.1_0.1_0.1_0.1_0.1_0.1_0.1_0.1_0.1_0.1_0.1_0.1_0.1_0.1_0.1_0.1_0.1_0.1_0.1_0.1_0.1_0.1_0.1_0.1_0.1_0.1_0.1_0.1_0.1_0.1_0.1_0.1_0.1_0.1_0.1_0.1_0.1_0.1_0.1_0.1_0.1_0.1_0.1_0.1_0.1_0.1_0.1_0.1_0.1_0.1_0.1_0.1_0.1_0.1_0.1_0.1_0.1_0.1_0.1_0.1_0.1_0.1_0.1_0.1_0.1_0.1_0.1_0.1_0.1_0.1_0.1_0.1_0.1_0.1_0.1_0.1_0.1_0.1_0.1_0.1_0.1_0.1_0.1_0.1_0.1_0.1_0.1_0.1_0.1_0.1_0.1_0.1_0.1_0.1_0.1_0.1_0.1_0.1_0.1_0.1_0.1","NNNAAAANAAGNTTGAGACTAACCTTTTTNNCTGAGCTAGTTGATGNTTTCTNGGCCTTTTTGGACGTTTTAACTTGNTGANTCNNNCTGCGGCNGNNCGNANNNCNNTGANGNCNNNNNNNTTTCAACCTTGCGGTCGTACTCCCCAGGCGGAGTGCTTAATGNGTTAGCTGNGGCACTGAAGGGCGGAAACCCTCCAACACCTANNACTCATCGTTTACGGCNTGGACTACCAGGGTATCTAATCCTGTTTGCTACCCATGCTTTCNAGCCTCAGCGTCAGTTACAGACCAAACANNCGCCTTCNNCACTGGTGTTCTTCCATATATCTACNCNTTTCACCNCTANNNNTGGAGTTCCACTGTCCTCTTCTGCACTCAAGTTTCCCAGTTTCCGATGAACTTCTNCNGTTGANCCNAAGGCTTTCANATCNNACTTAANA",20.84,57,442,"Latilactobacillus graminis (LMG 9825)","NR_114916.1",87.1,"Bacillota","Bacilli","Lactobacillales","Lactobacillaceae","Latilactobacillus","Latilactobacillus graminis",75,78.5,82,86.5,94.5,98.7
"C:/Users/Brendan Daisley/Documents/GITHUB/isolateR/examples/honeybee_isolates/isolateR_output","","2023_06_28","HB512","CNNNNNNNNNNNNTNNNNCNTGNCNTACTGTTCCCGAAGGAANATCCTATCTCTAGGANTGGCACTAGATGTCAAGACCTGGTAAGGTTCTTCGCGTTGCTTCTAATTAAACCACATGCTCCACCGGTTGTGCGGGCCCCCGTCAATTCNTTTGANTTNTAACCTTGCGGTCGTACTCCCCAGGCGGAGTGCTTAATGCGTTAGCTGCAGCACTGAGAGGCGGAAACCTCCCAACACTTAGCACTCATCGTTTACGGCATGGACTACCAGGGTATCTAATCCTGTTCGCTACCCATGCTTTCGAACCTCAGCGTCAGTTACAGACCAGAGAGCCGCCTTCGCCACTGGTGTTCTTCCATATATCTACGCATTCCACCGCTACACATGGAGTTCCACTCTCCTCTTCTGCACTCAAGAAAAATAGTTTCAGTTGCACTTCCCCAGTTAAGCTGGGGGCTTTCACAGCTGACTTATTCTCCCGCCTGCGTTCGCTTTACGCCCAATAAATCCGGACAACGCTTGCCACCTACGTATTACCGCGGCTGCTGGCACGTAGTTAGCCGTGACTTTCTGGTTGATTACCGTCAAACAAGAATCAGTTACTACCCTTGTCCTTCTTCACCAACAACAGAGCTTTACGATCCGAAAACCTTCTTCACTCACGCGGCGTTGCTCCATCAGACTTGCGTCCATTGTGGAAGATTCCCTACTGCTGCCTCCCGTACTTTAGTGNCGGATCCAANNNNN",34.76,30,747,"21_5_4_5_5_4_5_6_5_9_5_5_7_11_9_9_5_7_13_9_14_16_6_13_10_11_26_22_31_22_18_19_25_19_16_13_24_12_22_15_12_12_10_21_26_23_24_20_18_20_23_23_14_19_18_19_19_20_10_18_39_16_17_13_11_17_11_11_19_24_39_23_23_13_11_18_18_30_24_28_34_23_11_19_12_28_32_13_18_18_20_17_23_13_13_18_18_18_23_30_34_20_34_16_26_24_26_16_12_13_14_18_24_12_16_21_18_34_13_13_19_13_11_11_13_13_11_13_12_27_13_34_21_23_34_27_24_18_19_18_18_18_14_16_17_18_30_34_24_13_23_27_25_13_12_9_18_13_10_11_23_19_24_34_18_17_26_13_18_23_13_23_24_12_19_30_34_30_24_24_18_18_19_49_13_18_18_17_11_13_51_24_34_30_38_24_20_46_23_24_24_18_24_19_24_30_39_24_18_18_19_19_16_30_34_30_17_22_34_39_21_27_28_35_31_34_41_18_18_23_18_13_18_24_24_24_24_30_39_36_18_19_24_18_23_23_18_28_28_13_18_16_15_18_12_18_36_13_18_18_46_18_28_24_24_30_24_24_34_23_46_40_18_34_30_19_18_23_30_19_23_13_23_35_23_27_27_17_34_34_35_34_19_18_17_23_36_18_45_25_23_18_13_23_19_30_17_22_18_16_18_28_18_28_18_13_13_27_24_18_18_13_18_27_24_22_22_13_27_13_23_27_24_29_18_37_39_23_23_23_11_18_16_30_39_34_45_34_24_28_19_19_18_18_23_30_30_18_34_34_30_23_34_30_28_23_29_18_23_28_28_31_34_23_18_24_28_23_18_19_21_23_45_18_13_50_59_50_44_59_59_59_59_56_45_51_59_46_50_59_59_59_59_59_59_59_56_43_59_59_59_62_51_45_45_36_56_50_51_62_62_59_62_50_56_62_56_56_44_56_56_56_62_56_38_51_56_56_56_56_62_62_56_56_56_56_56_51_39_50_50_56_56_56_56_56_56_56_56_62_62_56_62_51_56_50_56_56_43_40_56_56_62_62_62_62_56_62_62_62_51_51_56_50_56_51_56_56_56_56_56_56_46_46_62_62_62_47_62_62_43_62_56_62_62_62_62_62_62_50_43_56_43_50_43_62_56_56_52_52_40_62_52_43_52_48_52_44_52_52_47_47_52_51_47_54_52_52_52_54_54_43_52_52_54_52_52_58_48_52_54_54_54_52_54_50_54_54_52_54_54_54_48_52_54_45_54_52_41_47_52_52_54_45_43_52_52_47_42_51_54_54_47_58_54_48_54_58_58_52_48_52_47_58_46_45_54_51_50_51_51_53_54_51_54_58_50_47_48_43_47_46_51_48_51_51_51_54_50_50_46_54_38_43_51_48_41_49_49_49_46_58_46_50_51_50_50_46_48_35_58_49_50_44_40_53_52_50_50_41_50_50_51_53_58_51_52_42_53_54_49_37_46_43_50_58_49_51_53_51_43_50_50_50_54_42_29_50_52_53_22_54_38_54_52_54_44_25_44_51_42_32_49_39_53_37_51_27_51_52_28_35_17_39_51_49_44_42_45_39_40_49_45_52_52_46_23_31_13_13_16_21_33_37_32_52_47_32_40_18_21_15_9_22_25_32_29_22_23_16_32_12_5_10_5_5_4_0.1_0.1_0.1_0.1_0.1_0.1_0.1_0.1_0.1_0.1_0.1_0.1_0.1_0.1_0.1_0.1_0.1_0.1","ATAGTTTCAGTTGCACTTCCCCAGTTAAGCTGGGGGCTTTCACAGCTGACTTATTCTCCCGCCTGCGTTCGCTTTACGCCCAATAAATCCGGACAACGCTTGCCACCTACGTATTACCGCGGCTGCTGGCACGTAGTTAGCCGTGACTTTCTGGTTGATTACCGTCAAACAAGAATCAGTTACTACCCTTGTCCTTCTTCACCAACAACAGAGCTTTACGATCCGAAAACCTTCTTCACTCACGCGGCGTTGCTCCAT",52.08,0,258,"Lactobacillus helsingborgensis (Bma5N)","NR_126253.1",100,"Bacillota","Bacilli","Lactobacillales","Lactobacillaceae","Lactobacillus","Lactobacillus helsingborgensis",75,78.5,82,86.5,94.5,98.7
"C:/Users/Brendan Daisley/Documents/GITHUB/isolateR/examples/honeybee_isolates/isolateR_output","","2023_07_06","HB524","NNNNNNNNNNNNNNNNNNNNNNNNNNNNNCTGTCTTAGTGTTCCCGAAGGATACATCCTATCTCTAGGACTGGCACTAGATGTCAAGACCTGGTAAGGTTCTTCGCGTTGCTTCGAATTAAACCACATGCTCCACCGCTTGTGCGGGCCCCCGTCAATTCCTTTGAGTTTTAACCTTGCGGTCGTACTCCCCAGGCGGAGTGCTTAATGCGTTAGCTGCAGCACTGAGAGGCGGAAACCTCCCAACACTTAGCACTCATCGTTTACGGCATGGACTACCAGGGTATCTAATCCTGTTCGCTACCCATGCTTTCGAACCTCAGCGTCAGTTACAGACCAGAGAGCCGCCTTCGCCACTGGTGTTCTTCCATATATCTACGCATTCCACCGCTACACATGGAGTTCCACTCTCCTCTTCTGCACTCAAGAAAAATAGTTTCAGTTGCACTTCCCCAGTTAAGCTGGGGGCTTTCACAGCTGACTTATTCTCCCGCCTGCGTTCGCTTTACGCCCAATAAATCCGGACAACGCTTGCCACCTACGTATTACCGCGGCTGCTGGCACGTAGTTAGCCGTGACTTTCTGGTTGATTACCGTCAAACAAGAATCAGTTACTACCCTTGTCCTTCTTCACCAACAACAGAGCTTTACGATCCGAAAACCTTCTTCACTCACGCGGCGTTGCTCCATCAGACTTGCGTCCATTGTGGAAGATTCCCTACTGCTGCCTTCCGTACTTTAGTGAGGNTNNNN",48.45,34,752,"8_3_2_5_3_5_3_3_9_9_4_4_4_5_8_5_7_5_6_5_5_6_9_6_5_9_5_6_9_42_33_41_16_32_48_13_28_46_42_26_24_37_39_34_16_19_36_42_52_32_13_14_25_18_27_42_52_56_56_56_56_56_56_56_51_47_56_56_41_37_44_62_44_51_56_59_59_59_51_59_59_59_59_46_46_51_56_46_51_51_51_54_28_48_59_59_62_59_59_59_62_59_62_59_56_59_59_59_59_62_59_54_56_59_49_59_59_59_59_59_59_59_59_59_46_50_46_56_54_48_50_59_46_46_59_59_59_46_48_50_59_43_59_59_59_56_46_59_59_59_59_59_59_43_51_46_50_59_59_56_50_48_56_59_56_35_48_59_59_56_46_54_56_59_56_50_56_59_49_59_59_56_59_59_43_49_49_51_59_51_59_59_59_59_59_50_59_51_46_46_46_59_49_59_56_59_50_56_62_51_54_54_56_56_49_59_59_59_56_51_59_50_51_49_49_59_59_43_59_59_59_44_59_56_59_59_59_59_59_59_59_59_46_56_51_51_50_50_56_51_56_51_59_59_59_59_59_56_56_59_62_59_59_59_59_59_54_56_43_51_51_59_43_59_59_59_59_59_59_50_59_62_56_56_59_59_59_51_59_59_59_56_49_50_59_51_59_59_59_54_54_59_59_46_43_43_51_59_49_59_50_49_46_29_56_51_51_59_59_59_59_51_59_59_56_56_51_59_59_59_59_59_51_51_62_59_43_51_34_59_43_59_59_59_59_56_59_56_56_56_59_51_59_43_38_40_40_59_45_45_59_51_50_59_59_59_59_44_44_59_59_56_51_56_50_50_50_56_45_56_51_59_59_59_51_56_59_59_59_59_59_59_56_38_50_45_50_59_45_44_59_56_59_59_51_51_44_56_56_50_56_56_56_56_50_56_56_38_56_51_42_54_62_50_42_51_42_56_50_56_62_62_56_62_56_56_62_56_56_44_51_56_56_56_56_42_51_56_46_56_56_62_51_51_56_56_51_56_51_42_51_50_56_51_62_56_51_56_56_56_56_56_51_56_56_56_51_40_40_43_43_56_56_56_54_56_62_56_56_56_56_50_50_47_47_56_46_42_56_47_56_43_41_56_62_43_56_47_56_62_62_43_62_62_56_62_62_52_52_54_50_52_52_46_50_54_54_52_38_43_52_41_52_47_41_43_62_62_43_47_47_31_30_43_47_41_48_52_47_52_54_52_34_47_52_52_53_52_52_40_42_48_52_52_52_52_50_52_47_48_52_58_48_52_52_54_54_46_58_52_52_52_52_47_38_39_52_52_47_42_54_54_54_52_52_52_46_52_58_58_51_54_50_47_58_35_45_48_43_34_48_47_50_50_49_51_51_48_47_47_48_50_46_47_47_43_47_54_51_49_48_42_51_28_35_43_49_53_50_52_52_46_51_46_50_49_50_49_50_49_27_54_50_50_42_33_50_50_50_52_51_50_53_51_50_54_49_50_50_41_51_39_31_50_50_50_50_43_50_50_44_43_43_52_52_54_42_35_52_49_49_31_54_35_51_42_51_50_49_40_51_52_39_49_47_49_37_42_22_49_47_32_37_27_40_53_53_52_37_47_32_37_52_40_35_35_39_25_26_13_15_15_21_25_40_34_40_42_34_40_34_26_31_18_27_15_6_11_6_6_6_6_0.1_0.1_0.1_0.1_0.1_0.1_0.1_0.1_0.1_0.1_0.1_0.1_0.1","GGTAAGGTTCTTCGCGTTGCTTCGAATTAAACCACATGCTCCACCGCTTGTGCGGGCCCCCGTCAATTCCTTTGAGTTTTAACCTTGCGGTCGTACTCCCCAGGCGGAGTGCTTAATGCGTTAGCTGCAGCACTGAGAGGCGGAAACCTCCCAACACTTAGCACTCATCGTTTACGGCATGGACTACCAGGGTATCTAATCCTGTTCGCTACCCATGCTTTCGAACCTCAGCGTCAGTTACAGACCAGAGAGCCGCCTTCGCCACTGGTGTTCTTCCATATATCTACGCATTCCACCGCTACACATGGAGTTCCACTCTCCTCTTCTGCACTCAAGAAAAATAGTTTCAGTTGCACTTCCCCAGTTAAGCTGGGGGCTTTCACAGCTGACTTATTCTCCCGCCTGCGTTCGCTTTACGCCCAATAAATCCGGACAACGCTTGCCACCTACGTATTACCGCGGCTGCTGGCACGTAGTTAGCCGTGACTTTCTGGTTGATTACCGTCAAACAAGAATCAGTTACTACCCTTGTCCTTCTTCACCAACAACAGAGCTTTACGATCCGAAAACCTTCTTCACTCACGCGGCGTTGCTC",52.53,0,595,"Lactobacillus helsingborgensis (Bma5N)","NR_126253.1",100,"Bacillota","Bacilli","Lactobacillales","Lactobacillaceae","Lactobacillus","Lactobacillus helsingborgensis",75,78.5,82,86.5,94.5,98.7
"C:/Users/Brendan Daisley/Documents/GITHUB/isolateR/examples/honeybee_isolates/isolateR_output","","2023_06_28","HB526","CNNNNNNNNANNCGATGNNCNNCCTGTCTTACTGTTCCCNAAGGAAACATCCTATCTCTAGGACTGGCGCTAGATGTCAAGACCTGGTAAGGTTCTTCGCGTTGCTTCTAATTAAACCACATGCTCCACCGGTTGTGCGGGCCCCCGTCAATTCCTTTGANTTTTAACCTTGCGGTCGTACTCCCCAGGCGGAGTGCTTAATGCGTTAGCTGCAGCACTGAGAGGCGGAAACCTCCCAACACTTAGCACTCATCGTTTACGGCATGGACTACCAGGGTATCTAATCCTGTTCGCTACCCATGCTTTCGAACCTCAGCGTCAGTTACAGACCAGAGAGCCGCCTTCGCCACTGGTGTTCTTCCATATATCTACGCATTCCACCGCTACACATGGAGTTCCACTCTCCTCTTCTGCACTCAAGAAAAATAGTTTCAGCTGCAGTTCCCCAGTTAAGCTGAGGGCTTTCACAGCTGACTTATTCTCCCGCCTGCGTTCGCTTTACGCCCAATAAATCCGGACAACGCTTGCCACCTACGTATTACCGCGGCTGCTGGCACGTAGTTAGCCGTGACTTTCTGGTTGATTACCGTCAAACAAAAANCAGTTGCTNTCCCTGTCCTTCTTCACCAACAACAGAGCTTTACGATCCGAAAACCTTCTTCACTCACGCGGCGTTGCTCCATCAGACTTGCGTCCATTGTGGAAGATTCCCTACTGCTGCCTNCCGTACTTTAGNNNNGGATNNNNN",43.72,28,748,"14_3_3_3_4_4_7_4_4_11_4_4_11_24_18_25_20_9_9_13_10_10_18_26_27_32_18_18_23_21_26_13_12_12_23_21_27_28_15_10_24_14_13_19_16_14_20_14_20_17_25_23_22_16_20_11_22_11_17_11_15_24_34_18_28_45_30_24_13_16_24_17_18_21_24_29_34_30_19_17_23_30_34_30_39_45_28_15_30_26_43_49_18_24_24_23_28_27_16_17_23_30_24_30_34_34_23_41_23_32_31_30_27_23_19_19_19_17_17_20_26_18_27_13_18_24_19_18_18_13_13_11_13_12_24_13_27_16_23_28_17_23_31_28_23_30_24_22_24_30_34_23_31_19_18_18_23_24_23_24_13_23_18_13_12_30_27_30_34_34_34_36_24_43_50_34_43_43_39_40_46_49_49_43_43_39_39_40_62_34_45_50_46_38_46_56_23_35_34_31_27_30_62_51_62_62_62_62_51_59_56_54_56_56_59_56_56_49_59_59_59_49_59_62_62_46_56_56_54_56_59_59_38_54_59_59_62_62_59_59_59_56_59_59_59_37_56_59_59_62_59_56_59_59_62_62_62_62_62_62_62_56_43_50_50_62_51_54_54_56_62_59_59_59_59_62_62_54_56_59_59_56_59_59_59_59_50_50_62_50_54_59_51_59_59_59_59_56_50_46_48_56_50_54_56_59_56_35_54_56_56_56_56_50_50_35_48_56_56_50_43_51_62_54_56_59_49_50_62_59_49_46_31_54_34_62_59_59_59_48_59_59_43_54_56_50_59_51_49_46_48_56_50_50_62_59_59_59_59_59_59_59_51_59_59_59_59_62_59_59_59_62_50_56_48_56_62_62_59_59_62_62_59_54_54_59_62_46_50_50_50_59_50_37_56_59_56_59_56_49_51_59_59_51_59_59_59_59_59_54_59_56_62_59_59_59_59_43_43_43_34_38_45_50_62_62_59_62_50_59_62_56_59_51_50_59_59_62_59_45_43_56_59_59_59_62_62_59_56_59_62_59_62_51_59_46_46_56_50_62_59_59_59_59_62_62_56_62_56_56_50_56_56_43_44_56_56_56_56_56_56_56_62_62_62_38_50_50_38_56_51_56_62_56_56_56_56_62_62_62_62_62_56_62_62_62_62_62_56_62_62_62_62_62_51_47_46_43_50_56_62_62_56_56_56_38_62_56_62_56_62_62_56_56_56_41_56_56_62_54_62_62_62_62_62_52_52_52_52_62_52_52_62_43_62_62_62_62_62_62_52_62_58_54_58_58_58_52_52_58_54_54_52_47_52_52_52_54_48_48_52_54_58_42_54_54_58_47_47_54_54_44_41_42_27_27_13_12_16_11_9_17_18_52_54_54_54_19_21_9_19_18_25_50_49_58_49_49_50_51_51_58_54_54_53_52_41_42_38_49_48_49_58_51_50_43_58_50_54_58_49_50_50_50_33_58_50_49_48_40_43_41_43_48_42_43_48_51_51_53_53_41_37_49_51_52_50_47_51_58_58_58_58_51_58_53_51_51_50_58_53_33_44_47_49_19_54_32_54_44_54_49_38_49_51_40_35_53_52_51_41_49_25_53_53_22_31_16_41_54_51_44_40_42_34_39_44_45_45_44_23_19_14_5_16_19_18_37_40_29_51_54_36_14_11_6_4_4_6_31_32_13_26_6_6_5_5_6_0.1_0.1_0.1_0.1_0.1_0.1_0.1_0.1_0.1_0.1_0.1_0.1_0.1_0.1_0.1_0.1_0.1","GCAGCACTGAGAGGCGGAAACCTCCCAACACTTAGCACTCATCGTTTACGGCATGGACTACCAGGGTATCTAATCCTGTTCGCTACCCATGCTTTCGAACCTCAGCGTCAGTTACAGACCAGAGAGCCGCCTTCGCCACTGGTGTTCTTCCATATATCTACGCATTCCACCGCTACACATGGAGTTCCACTCTCCTCTTCTGCACTCAAGAAAAATAGTTTCAGCTGCAGTTCCCCAGTTAAGCTGAGGGCTTTCACAGCTGACTTATTCTCCCGCCTGCGTTCGCTTTACGCCCAATAAATCCGGACAACGCTTGCCACCTACGTATTACCGCGGCTGCTGGCACGTAGTTAGCCGTGACTTTCTGGTTGATTACCGTCAAACAAAAANCAGTTGCTNTCCCTGTCCTTCTTCACCAACAACAGAGCTTTACGATCCGAAAACCTTCTTCACTCACGCGG",53.39,2,461,"Lactobacillus kimbladii (Hma2N)","NR_126250.1",99.8,"Bacillota","Bacilli","Lactobacillales","Lactobacillaceae","Lactobacillus","Lactobacillus kimbladii",75,78.5,82,86.5,94.5,98.7
"C:/Users/Brendan Daisley/Documents/GITHUB/isolateR/examples/honeybee_isolates/isolateR_output","","2023_06_28","HB528","NNNNNNNNNNNNNNNNNNNCNTGTCTTANTGTTCCCGAAGGNNACNTCCTATCTCTAGGACTGGCACTAGATGTCAAGACCTGGTAAGGTTCTTCGCGTTGCTTCGAATTAAACCACATGCTCCACCGGTTGTGCGGGCCCCCGTCAATTCCTTTGAGTTTTAACCTTGCGGTCGTACTCCCCAGGCGGAGTGCTTAATGCGTTAGCTGCAGCACTGAGAGGCGGAAACCTCCCAACACTTAGCACTCATCGTTTACGGCATGGACTACCAGGGTATCTAATCCTGTTCGCTACCCATGCTTTCGAACCTCAGCGTCAGTTACAGACCAGAGAGCCGCCTTCGCCACTGGTGTTCTTCCATATATCTACGCATTCCACCGCTACACATGGAGTTCCACTCTCCTCTTCTGCACTCAAGAAAAATAGTTTCAGTTGCACTTCCCCAGTTAAGCTGGGGGCTTTCACAGCTGACTTATTCTCCCGCCTGCGTTCGCTTTACGCCCAATAAATCCGGACAACGCTTGCCACCTACGTATTACCGCGGCTGCTGGCACGTAGTTAGCCGTGACTTTCTGGTTGATTACCGTCAAACAAGAATCAGTTACTACCCTTGTCCTTCTTCACCAACAACAGAGCTTTACGATCCGAAAACCTTCTTCACTCACGCGGCGTTGCTCCATCAGACTTGCGTCCATTGTGGAAGATTCCCTACTGCTGCCTCCCGTACTTGAGTGNAGGNNNAANNNAN",36.5,32,748,"4_4_5_3_4_9_4_5_4_5_5_6_8_4_8_5_9_9_9_12_9_16_19_12_14_16_14_22_10_26_23_19_18_23_18_18_15_19_14_13_13_9_7_14_11_10_39_27_31_22_32_32_29_35_30_24_22_24_30_25_11_30_44_28_24_18_30_30_17_18_28_30_49_34_23_23_17_30_36_39_34_43_51_30_15_27_17_36_39_19_24_24_34_34_23_18_18_23_23_18_24_30_37_34_43_16_30_30_30_21_19_19_19_23_23_23_24_27_30_43_19_18_24_18_18_16_18_18_13_19_21_34_23_28_22_34_35_34_30_24_24_23_20_23_14_18_24_24_40_39_34_23_27_34_34_27_29_21_28_27_18_18_24_19_24_34_23_17_27_13_18_23_13_31_34_23_24_34_41_32_24_23_18_19_24_41_18_30_30_33_21_34_56_30_43_34_45_28_22_46_27_25_35_23_34_24_34_39_49_34_23_18_19_18_20_34_41_39_21_33_35_38_27_34_34_43_37_38_36_23_28_34_30_24_24_24_30_24_23_27_34_34_16_31_24_18_27_23_18_34_28_19_18_23_17_19_20_31_46_19_24_23_51_27_33_27_27_34_30_16_29_28_50_43_23_34_34_24_23_27_34_23_31_23_34_46_27_34_34_30_41_34_38_43_23_23_23_34_43_23_45_27_25_18_12_24_24_28_21_28_18_16_18_34_27_36_23_13_19_39_35_23_23_18_23_34_30_21_21_18_31_21_29_34_34_37_27_43_49_43_56_43_34_43_43_34_49_46_51_43_30_39_24_24_24_24_30_39_35_23_49_35_29_30_34_29_28_28_34_18_36_34_37_34_34_29_30_34_34_28_18_19_23_25_36_19_18_45_59_43_43_56_59_59_59_50_43_44_56_56_51_59_56_59_59_59_46_56_59_62_59_59_59_59_43_43_34_34_46_50_50_62_59_59_59_56_56_59_56_59_59_51_59_59_59_56_39_43_50_45_51_51_62_62_56_56_56_56_56_56_31_50_50_56_56_56_56_56_56_46_46_56_56_56_56_56_51_38_50_44_43_43_56_56_56_56_56_56_56_56_56_46_38_38_50_38_56_39_50_46_50_56_50_56_56_56_56_56_62_43_56_56_43_56_56_56_62_62_62_62_62_50_43_56_56_46_43_62_56_41_47_56_38_56_52_41_46_48_52_47_52_52_41_47_50_47_38_52_52_52_52_54_52_43_47_52_54_52_52_52_40_52_52_48_52_52_54_50_54_54_54_58_54_58_40_52_54_45_48_54_52_52_52_52_52_45_43_52_52_54_41_49_52_54_52_54_52_42_47_47_54_52_49_52_47_58_37_44_47_43_40_51_51_50_51_50_50_49_50_50_49_47_47_49_48_39_48_51_51_51_51_49_40_53_39_37_48_42_37_46_51_52_52_58_46_46_51_50_50_46_48_31_48_50_51_43_42_51_53_49_24_31_40_47_49_50_58_49_42_50_50_51_47_40_49_49_44_43_46_53_50_54_51_50_51_42_52_50_37_49_47_50_21_54_36_54_42_44_49_41_40_51_40_30_47_41_53_33_52_32_51_49_23_45_27_32_54_51_47_39_52_40_37_44_37_44_47_42_27_25_14_19_19_23_37_37_30_52_39_26_37_29_21_21_8_29_41_18_8_8_7_14_11_5_7_5_22_4_0.1_0.1_0.1_0.1_0.1_0.1_0.1_0.1_0.1_0.1_0.1_0.1_0.1_0.1_0.1_0.1_0.1","CACCGCTACACATGGAGTTCCACTCTCCTCTTCTGCACTCAAGAAAAATAGTTTCAGTTGCACTTCCCCAGTTAAGCTGGGGGCTTTCACAGCTGACTTATTCTCCCGCCTGCGTTCGCTTTACGCCCAATAAATCCGGACAACGCTTGCCACCTACGTATTACCGCGGCTGCTGGCACGTAGTTAGCCGTGACTTTCTGGTTGATTACCGTCAAACAAGAATCAGTTACTACCCTTGTCCTTCTTCACCAACAACAGAGCTTTACGATCCGAAAACCTTCTTCACTCACGCGGCGTTGCTCCA",49.49,0,304,"Lactobacillus helsingborgensis (Bma5N)","NR_126253.1",100,"Bacillota","Bacilli","Lactobacillales","Lactobacillaceae","Lactobacillus","Lactobacillus helsingborgensis",75,78.5,82,86.5,94.5,98.7
"C:/Users/Brendan Daisley/Documents/GITHUB/isolateR/examples/honeybee_isolates/isolateR_output","","2023_07_06","HB529","NNNNNNNNNNNNNNNNNNNNNNNCNNNNNNNNNNANTGTTCCNGAAGGNAACATCCTATCTCNAGGACTGGCACTAGATGTCAAGACCTGGTAAGGTTCTTCGCGTTGCTTCGAATTAAACCACATGCTCCACCGCTTGTGCGGGCCCCCGTCAATTCCTTTGAGTTTTAACCTTGCGGTCGTACTCCCCAGGGGGAGTGCTTAATGCGTTAGCTGCAGCACTGANAGGAGGAAACCTCCCAACACTTAGCACTCATCGTTTACGGCATGGACTACCAGGGTATCTAATCCTGTTCGCTACCCATGCTTTCNAACCTNNNCGTCAGTTACAGACCAGAGAGCCGCCTTCGCCNCTGGTGTTCTTCCATATATCTACGCATTCCACCGCTACGCATGGAGTTCCACTCTCCTCTTCTGNACTCAAGAAAAATAATTTCAGCTGCAGTTCCCCANTTAAGCTGAGGGCTTTNACAGNTGACTTATTCTCCCGCCTGCGTTCGCTTTACGCCCAATAAATCCGGACAACGCTTGCCACCTACGTATTACCGCGGCTGCTGGCACGTAGTTAGCCGTGACTTTCTGGTTGATTACCGTCAAACNAGAATCANTTACTACCCCTGTCCTTCTTCACCAACAACAGANCTTTNCNATCCGACAAACCTTCTTCACTCNNACGGCGTTGCTCNNTANNACTTGCNTCCGTTGTGNAAGANTCCCTACTGCTGCCTCCCNNACTTTAGNGAGCGGNNNACNNNN",23.45,71,756,"5_3_5_5_5_7_5_5_5_4_4_4_4_4_5_6_8_5_9_9_5_5_4_11_10_9_9_9_9_10_9_6_7_9_12_6_15_22_16_12_22_15_10_20_16_18_18_19_10_19_32_24_39_43_18_19_13_18_18_18_18_17_9_11_16_18_29_23_34_59_36_30_30_39_36_34_28_29_43_49_35_27_34_30_34_38_34_24_23_36_23_17_27_23_28_35_34_34_30_34_34_27_29_23_43_41_34_37_39_49_41_43_24_36_34_40_34_35_27_30_34_30_27_27_27_23_34_18_18_23_19_27_34_18_30_18_23_18_34_34_43_34_35_36_27_37_43_35_39_34_56_28_28_23_24_27_34_31_26_24_35_27_27_28_18_34_34_23_21_41_39_38_34_34_27_24_18_28_34_23_34_27_27_25_34_41_43_34_27_20_18_25_34_13_25_23_27_27_18_34_13_36_34_34_18_24_35_13_28_23_23_18_18_18_23_27_23_13_23_23_17_12_20_30_24_10_24_29_29_11_23_19_40_23_34_34_27_30_31_23_23_23_23_27_26_34_34_34_28_13_26_18_34_28_24_27_30_31_18_18_30_21_37_33_27_45_18_18_31_46_21_20_18_27_23_18_17_11_34_46_34_27_27_30_34_34_34_24_34_34_19_30_46_34_19_24_13_23_16_12_31_23_20_13_23_39_18_28_28_26_24_10_23_18_23_13_13_10_7_6_13_20_11_13_12_13_18_24_24_30_18_12_39_24_18_30_13_28_11_27_26_28_23_11_18_23_23_18_23_13_23_18_7_18_17_35_18_23_34_28_18_30_18_23_23_16_16_18_23_23_19_24_19_23_19_23_13_16_27_31_23_27_28_18_27_27_18_23_27_18_23_12_18_18_27_34_34_31_18_23_28_28_27_43_36_28_34_24_30_23_27_23_36_34_34_18_18_10_24_18_13_18_23_18_12_34_34_36_27_27_26_34_12_27_34_23_34_34_18_35_27_27_18_12_13_19_18_30_23_23_19_12_10_25_31_30_27_12_18_27_23_34_43_40_34_30_24_19_18_10_18_13_18_13_10_18_13_27_18_34_19_30_30_30_23_23_31_23_19_24_18_18_28_30_34_19_21_14_31_18_37_46_43_34_34_21_34_46_46_39_49_46_13_24_24_27_18_27_18_16_27_34_18_36_30_23_18_30_28_21_34_27_23_13_23_23_18_23_23_16_21_23_34_18_24_24_18_13_25_27_18_16_18_34_24_24_23_27_18_21_21_17_18_24_11_17_12_29_27_23_23_18_23_30_39_14_28_19_11_16_19_34_34_24_34_30_51_28_39_39_34_51_43_17_19_19_18_30_23_10_13_13_24_19_18_30_24_10_22_14_15_22_22_25_30_30_34_34_23_59_36_39_39_32_24_16_32_32_26_24_26_27_15_15_22_22_22_22_15_18_32_10_11_30_15_14_10_14_10_51_31_26_27_18_22_14_24_22_27_21_14_22_22_20_26_15_20_20_11_38_20_10_10_11_15_23_15_14_13_18_14_24_38_12_18_9_9_14_11_10_10_26_24_22_11_20_23_10_15_15_12_13_20_13_22_11_18_9_22_20_11_29_9_20_33_35_13_17_22_23_15_31_22_27_33_22_23_27_15_38_18_8_8_18_17_17_19_22_18_16_10_23_12_17_19_22_24_10_9_8_16_20_7_10_4_5_0.1_0.1_0.1_0.1_0.1_0.1_0.1_0.1_0.1","TCCNGAAGGNAACATCCTATCTCNAGGACTGGCACTAGATGTCAAGACCTGGTAAGGTTCTTCGCGTTGCTTCGAATTAAACCACATGCTCCACCGCTTGTGCGGGCCCCCGTCAATTCCTTTGAGTTTTAACCTTGCGGTCGTACTCCCCAGGGGGAGTGCTTAATGCGTTAGCTGCAGCACTGANAGGAGGAAACCTCCCAACACTTAGCACTCATCGTTTACGGCATGGACTACCAGGGTATCTAATCCTGTTCGCTACCCATGCTTTCNAACCTNNNCGTCAGTTACAGACCAGAGAGCCGCCTTCGCCNCTGGTGTTCTTCCATATATCTACGCATTCCACCGCTACGCATGGAGTTCCACTCTCCTCTTCTGNACTCAAGAAAAATAATTTCAGCTGCAGTTCCCCANTTAAGCTGAGGGCTTTNACAGNTGACTTATTCTCCCGCCTGCGTTCGCTTTACGCCCAATAAATCCGGACAACGCTTGCCACCTACGTATTACCGCGGCTGCTGGCACGTAGTTAGCCGTGACTTTCTGGTTGATTACCGTCAAACNAGAATCANTTACTACCCCTGTCCTTCTTCACCAACAACAGANCTTTNCNATCCGACAAACCTTCTTCACTCNNACGGCGTTGCTCNNTANNACTTGCNTCCGTTGTGNAAGANTCC",24.72,27,677,"Lactobacillus huangpiensis (F306-1)","NR_179358.1",98.7,"Bacillota","Bacilli","Lactobacillales","Lactobacillaceae","Lactobacillus","Lactobacillus huangpiensis",75,78.5,82,86.5,94.5,98.7
"C:/Users/Brendan Daisley/Documents/GITHUB/isolateR/examples/honeybee_isolates/isolateR_output","","2023_06_28","HB530","NNNNNNNNNNNNNNNNNNNATCCGCNNGANTACGCACAAGCAACCGGCAGCTTCAACCTTACGCATGAAGCCACGAGACAATACATTCATCAGTCACAGGGCATCGTCCCTGCCCCTACAGCAAAGCCGTTGCCTCATACTCAAACAATACAAGGCAACGGCAGAGTTCCCATTACTTCATGAAGATCAATGTACGTTGAAGCCCTGCTGCCTCCCGTACTTTAGTGAGGGTNAANNNNCCACATCCAGCATCCACCGTTTACGGGGTGGACTACCAGGGTATCTAATCCTGTTCGCTCCCCACGCTTTCGCTCCTCAGCGTCAGTGACGGCCCANAGACCTGCCTTCGCCATCGGTGTTCTTCCCGATATCTACACATTCCACCGTTACACCGGGAATTCCAGTCTCCCCTACCGCACTCCAGTCCGCCCGTACCCGGCGCCGATCCACCGTTAAGCGATGGACTTTCACACCAGACGCGACGAACCGCCTACGAGCCCTTTACGCCCAATAAATCCGGATAACGCTTGCACCCTACGTATTACCGCGGCTGCTGGCACGTAGTTAGCCGGTGCTTATTCGAAAGGTACACTCACTCTCGCTTGCTCCCAATCAAAAGCGGTTTACAACCCGAAGGCCGTCATCCCGCACGCGGCGTCGCTGCATCAGGCTTTCGCCCATTGTGCAATATTCCCCACTGCTGCCTCCCGTACTTTAGTGACGGGTNNNNN",41.3,33,731,"7_2_4_5_5_5_8_5_4_4_7_6_6_5_6_10_6_9_9_19_18_15_19_11_26_10_5_20_13_9_16_23_27_26_35_31_28_23_21_14_18_23_30_33_25_35_27_16_18_23_30_32_39_32_22_25_26_38_30_32_29_26_25_30_30_41_45_43_24_36_30_39_17_39_19_34_39_49_43_49_49_43_41_39_24_30_24_23_18_30_17_32_39_43_41_34_30_30_34_46_39_24_41_43_43_30_34_41_43_41_34_48_28_28_28_27_27_30_34_19_30_17_24_30_30_30_34_43_46_34_43_46_43_27_34_30_27_23_31_27_28_34_30_30_43_43_43_49_49_50_30_34_27_39_46_26_39_30_41_43_39_30_19_24_43_18_34_34_30_34_34_34_36_34_34_30_34_34_35_23_34_39_34_30_19_39_34_18_24_19_19_35_18_19_17_27_37_25_27_27_43_24_34_41_30_27_46_23_34_36_40_30_27_23_25_18_19_24_34_34_18_18_13_23_11_13_34_12_27_43_30_18_10_11_12_7_7_10_10_13_12_18_30_18_34_49_36_34_46_49_40_43_43_34_34_49_34_41_24_34_30_49_49_19_28_13_18_13_50_18_27_34_28_34_34_34_21_30_56_34_39_40_34_34_39_34_34_31_43_30_30_56_30_40_41_26_24_23_31_30_30_51_51_34_43_39_24_24_19_23_13_17_37_43_39_35_38_34_39_49_43_34_34_30_41_34_50_44_43_30_39_32_32_30_28_8_36_16_23_28_23_54_62_59_59_59_59_59_50_56_54_50_59_59_56_59_56_62_59_59_59_56_59_59_59_56_50_62_56_56_34_34_28_27_39_24_59_56_62_54_62_56_56_59_59_59_50_56_59_59_51_56_56_59_59_56_46_46_43_49_62_59_59_50_56_59_56_59_59_59_59_59_59_59_62_59_56_59_59_56_59_62_62_59_59_62_49_62_62_62_62_62_59_59_62_62_62_62_62_59_62_51_51_34_43_50_51_62_59_62_62_59_56_56_59_59_59_59_59_59_59_62_59_62_56_62_56_62_62_56_62_62_62_56_56_51_47_56_56_62_42_47_50_38_56_56_62_62_56_62_62_56_62_56_40_47_37_56_56_56_46_56_62_62_62_51_56_56_43_56_56_62_62_62_62_62_62_50_38_56_47_42_50_62_56_56_56_62_56_62_56_56_62_62_56_56_56_56_56_56_56_62_47_56_62_56_62_62_54_52_62_62_62_62_52_62_43_62_62_62_62_62_62_52_54_62_48_52_62_62_62_54_47_54_52_52_43_54_47_52_43_23_52_47_52_54_54_47_52_52_53_52_52_52_54_54_58_58_54_54_52_52_52_52_58_52_52_52_54_52_40_52_58_52_52_52_47_52_52_48_52_58_52_58_49_49_52_45_51_51_51_50_44_48_48_41_58_49_49_50_49_58_32_51_49_48_50_50_51_51_51_58_54_58_58_52_51_50_52_46_54_49_50_53_46_49_50_52_39_51_42_58_58_50_53_32_51_58_50_50_51_50_54_40_43_37_49_49_38_50_33_40_44_44_50_38_50_43_30_58_53_52_50_50_26_31_16_21_18_23_27_40_37_40_41_18_40_25_28_28_16_13_47_37_16_11_6_5_6_6_6_0.1_0.1_0.1_0.1_0.1_0.1_0.1_0.1_0.1_0.1_0.1_0.1_0.1_0.1_0.1_0.1_0.1_0.1_0.1_0.1_0.1_0.1_0.1_0.1_0.1_0.1_0.1_0.1_0.1_0.1_0.1_0.1_0.1_0.1","ACATTCCACCGTTACACCGGGAATTCCAGTCTCCCCTACCGCACTCCAGTCCGCCCGTACCCGGCGCCGATCCACCGTTAAGCGATGGACTTTCACACCAGACGCGACGAACCGCCTACGAGCCCTTTACGCCCAATAAATCCGGATAACGCTTGCACCCTACGTATTACCGCGGCTGCTGGCACGTAGTTAGCCGGTGCTTATTCGAAAGGTACACTCACTCTCGCTTGCTCCCAATCAAAAGCGGTTTACAACCCGAAGGCCGTCATCCCGCACGCGGCGTCGCTGCAT",54.76,0,291,"Bifidobacterium asteroides (CCUG 24607)","NR_044154.1",100,"Actinomycetota","Actinomycetes","Bifidobacteriales","Bifidobacteriaceae","Bifidobacterium","Bifidobacterium asteroides",75,78.5,82,86.5,94.5,98.7
"C:/Users/Brendan Daisley/Documents/GITHUB/isolateR/examples/honeybee_isolates/isolateR_output","","2023_06_28","HB532","NNNNNNNNNNNNNNNNNNNNCNCGNNNNNGNCCNNNNNNGNNNNNGCGTCTCCGNGGCCGTCCGGCCANGTCAGGCCAAGGTAAGGTTCTTCGGNTNGCATCGAATTAATCCGCAGGCTCCGCANCTTGTGCGGGCCCCCGNCAATTTCTTTGAGTTTTAGCCTTGCGGCCGTACTCCCCNNGCGGGATGCTTAACGCGTTAGCTCCGACACGGAACCCGTGGAACGGGCCCCACATANNNCATCCACCGTTTACGGCGTGGACTACCAGGGTATCTAATCCTGTTCGCTCCCCACGCTTTCGCTCCTCAGCGTCAGTGACGGCCCAAAGACCTGCCTTCGCCATCGGTGTTCTTCCCGATATCTACACATTCCACCGTTACACCGGGAATTCCAGTCTCCCCTACCGCACTCCAGTCCGCCCGTACCCGGCGCCGATCCACCGTTAAGCGATGGACTTTCACACCAGACGCGACGAACCGCCTACGAGCTCTTTACGCCCAATAAATCCGGATAACGCTTGCACCCTACGTATTACCGCGGCTGCTGGCACGTAGTTAGCCGGTGCTTATTCGAAAGGTACACTCACTCTCGCTTGCTCCCAATCAAAAGCGGTTTACAACCCGAAGGCCGTCATCCCGCACGCGGCGTCGCTGCATCAGGCTTGCGCCCATTGTGCAATATTCCCCACTGCTGCCTCCCGTACTTTAGTGACGGGTTANN",38.35,51,722,"5_5_5_4_4_9_4_5_6_7_4_5_9_6_9_9_5_7_4_6_13_10_11_23_10_8_9_5_6_12_9_11_18_9_9_8_9_8_9_13_7_9_7_8_9_14_11_12_13_14_11_16_22_11_10_14_18_19_13_15_18_13_15_18_24_18_18_13_18_34_13_11_16_11_13_14_15_13_19_16_17_12_12_30_19_34_13_18_20_24_16_24_11_16_8_11_9_11_13_13_24_30_15_20_19_13_19_13_11_21_21_13_24_17_17_23_39_24_21_18_13_18_11_33_7_11_30_23_43_18_27_18_30_30_18_30_41_43_34_18_14_7_11_13_13_34_41_34_30_34_43_36_35_35_24_34_34_24_16_21_11_27_23_35_34_36_30_24_24_18_18_18_21_13_24_26_24_19_19_11_7_10_30_19_34_26_23_26_12_24_19_19_17_24_24_24_23_23_34_40_34_28_23_23_18_25_17_34_30_19_19_34_24_24_43_34_30_30_18_23_17_51_30_29_34_30_30_43_34_30_28_28_23_15_15_13_18_18_10_10_10_34_40_41_34_23_28_34_26_34_24_34_27_40_39_34_51_24_34_31_51_19_33_34_30_34_27_34_24_24_59_30_34_34_34_30_34_34_34_34_43_30_34_50_34_43_43_27_30_34_34_34_40_43_43_34_43_39_34_34_27_35_18_30_37_43_34_27_34_27_34_46_39_34_34_24_41_34_46_43_35_34_49_34_39_34_34_13_43_17_31_27_24_56_62_56_54_56_59_62_50_59_59_56_56_56_46_50_46_59_56_59_62_59_59_59_59_48_49_59_56_50_59_59_56_59_59_50_59_51_56_46_56_51_56_56_59_50_50_56_50_59_51_59_59_56_56_46_46_59_59_59_59_56_56_56_56_59_56_59_51_50_50_40_50_56_56_59_56_59_56_56_59_59_59_56_62_62_62_59_59_62_56_56_59_59_62_62_56_59_62_59_51_56_59_34_49_50_62_62_56_56_56_56_56_62_62_62_56_56_56_56_56_56_56_44_44_62_62_62_62_62_62_62_62_44_44_38_62_51_56_56_38_43_50_31_56_56_62_62_56_56_46_50_56_51_27_62_42_56_56_56_62_62_62_62_62_56_62_62_44_62_62_56_62_62_56_56_56_41_41_56_56_46_56_62_56_56_56_62_56_62_56_56_54_62_62_52_52_47_35_40_52_49_54_62_52_52_62_62_52_52_52_52_62_52_52_62_48_54_42_45_52_52_54_40_52_40_43_54_54_54_52_58_54_58_58_58_54_54_49_52_52_28_52_52_52_54_54_42_52_52_52_54_52_54_52_54_54_54_54_52_47_52_52_48_58_52_54_54_52_40_44_52_54_38_38_47_58_49_50_50_54_39_44_54_49_52_46_49_52_54_51_50_48_49_50_53_58_49_50_51_51_54_46_58_54_44_48_50_50_51_48_51_51_54_54_51_51_46_53_46_53_53_50_58_52_51_48_50_47_58_37_58_50_54_50_39_51_54_40_41_43_42_51_39_51_37_49_40_40_50_47_43_50_50_58_50_40_50_51_58_50_50_40_49_23_24_13_18_14_17_30_41_32_52_51_26_44_18_29_21_11_12_42_50_17_25_12_13_6_7_0.1_0.1_0.1_0.1_0.1_0.1_0.1_0.1_0.1_0.1_0.1_0.1_0.1_0.1_0.1_0.1_0.1_0.1_0.1_0.1_0.1_0.1_0.1_0.1_0.1_0.1_0.1_0.1_0.1_0.1_0.1_0.1_0.1_0.1_0.1_0.1_0.1_0.1_0.1_0.1_0.1_0.1_0.1","CACATTCCACCGTTACACCGGGAATTCCAGTCTCCCCTACCGCACTCCAGTCCGCCCGTACCCGGCGCCGATCCACCGTTAAGCGATGGACTTTCACACCAGACGCGACGAACCGCCTACGAGCTCTTTACGCCCAATAAATCCGGATAACGCTTGCACCCTACGTATTACCGCGGCTGCTGGCACGTAGTTAGCCGGTGCTTATTCGAAAGGTACACTCACTCTCGCTTGCTCCCAATCAAAAGCGGTTTACAACCCGAAGGCCGTCATCCCGCACGCGGCGTCGCTGCATC",53.43,0,293,"Bifidobacterium apousia (W8102)","NR_181622.1",100,"Actinomycetota","Actinomycetes","Bifidobacteriales","Bifidobacteriaceae","Bifidobacterium","Bifidobacterium apousia",75,78.5,82,86.5,94.5,98.7
"C:/Users/Brendan Daisley/Documents/GITHUB/isolateR/examples/honeybee_isolates/isolateR_output","","2023_06_28","HB533","NNNNNNNNNNNNNNNNANNNCNNGNNTACGCACAANCACNAGGNNGCTTCAACCTTACGCATGAAGCCACGAGACAATACATTCATCAGTCACAGGGCATCGTCCCTGCCCCTACAGNAGAGCCGTTGCCTCATACTCAAACAATACAAGGCAACGGCAGAGTTCCCATTACTTCATGAACATCAAGGTACGTTGAAGCCCTGCTGCCTCCCGTACTTAANTGAGGGTNAANNNCCCACATCCAGCATCCACCGTTTACGGCGTGGACTACCAGGGTATCTAATCCTGTTCGCTCCCCACGCTTTCGCTCCTCAGCGTCAGTGACGGCCCANAGACCTGCCTTCGCCATCGGTGTTCTTCCCGATATCTACACATTCCACCGTTACACCGGGAATTCCAGTCTCCCCTACCGCACTCCAGTCCGCCCGTACCCGGCGCCGATCCACCGTTAAGCGATGGACTTTCACACCAGACGCGACGAACCGCCTACGAGCCCTTTACGCCCAATAAATCCGGATAACGCTTGCACCCTACGTATTACCGCGGCTGCTGGCACGTAGTTAGCCGGTGCTTATTCGAAAGGTACACTCACTCTCGCTTGCTCCCAATCAAAAGCGGTTTACAACCCGAAGGCCGTCATCCCGCACGCGGCGTCGCTGCATCAGGCTTTCGCCCATTGTGCAATATTCCCCACTGCTGCCTCCCGTACTTTAGTNNGTGATTNNN",39.81,39,726,"5_4_5_4_9_6_8_5_6_5_4_5_5_5_5_9_12_6_9_6_20_10_7_11_6_6_11_12_26_13_16_15_21_22_18_9_13_19_22_10_18_21_17_10_10_15_24_24_24_26_18_21_24_32_30_26_24_18_18_30_22_30_34_34_14_22_16_24_18_24_13_23_39_36_34_34_34_30_24_20_16_18_18_11_13_17_11_17_30_30_24_24_18_17_24_46_30_12_30_30_30_19_24_30_41_32_24_43_24_24_19_19_23_24_30_18_23_9_13_13_13_13_18_34_38_30_34_39_30_13_17_13_12_13_13_18_18_21_19_18_30_30_24_34_30_37_24_24_16_26_39_12_23_18_24_30_34_18_13_18_34_13_24_24_24_23_19_18_25_23_24_18_23_30_30_13_31_30_26_18_16_34_24_13_19_11_13_27_13_19_12_18_27_18_23_17_28_13_34_40_23_30_51_23_34_35_34_27_27_23_28_18_13_18_24_24_20_18_16_23_10_13_27_13_34_43_30_18_10_12_13_7_8_10_11_23_24_24_34_24_40_56_46_27_46_43_49_51_51_43_40_51_43_51_40_50_43_51_49_18_43_13_18_18_39_23_35_36_35_43_43_43_28_34_59_39_43_49_43_43_39_40_40_34_43_27_25_50_30_43_43_24_28_27_31_34_39_51_51_46_46_46_24_30_23_23_13_18_49_51_46_36_45_39_34_50_51_34_39_30_39_34_48_46_49_34_43_34_34_31_31_9_46_16_20_30_29_54_62_59_59_56_59_59_43_51_59_56_59_59_59_56_51_59_56_59_59_62_62_59_59_56_50_62_56_56_30_30_23_23_30_18_59_51_59_59_62_59_62_62_62_62_59_62_59_62_59_59_56_59_59_59_46_59_59_59_62_59_59_59_59_59_56_56_59_59_59_59_59_59_62_62_59_62_43_49_62_62_59_59_62_62_62_62_62_49_62_62_62_59_62_62_62_59_62_62_62_56_59_39_43_50_62_62_59_62_62_59_56_56_56_56_56_56_62_62_62_62_56_62_56_62_62_62_62_56_62_62_62_56_56_42_62_56_56_56_38_44_50_25_56_56_62_62_56_62_62_50_56_56_37_62_51_56_62_62_46_46_62_62_62_56_62_62_56_56_56_62_62_62_62_62_62_47_47_56_54_50_56_62_47_56_56_56_47_62_56_56_62_62_46_56_56_56_40_56_56_51_62_62_62_62_62_62_52_52_52_52_62_54_54_62_54_62_62_54_62_62_62_43_58_58_54_54_54_58_54_58_52_58_52_54_54_54_49_52_47_32_52_47_40_58_54_42_54_54_52_54_54_54_52_58_58_58_52_54_50_52_54_52_58_48_54_58_47_43_33_51_51_51_49_48_58_48_48_50_58_45_51_58_49_52_53_41_51_58_49_48_50_51_49_47_58_49_58_49_50_50_50_50_54_54_43_48_50_51_50_50_54_58_51_52_49_49_51_32_51_51_53_58_41_58_44_50_49_58_50_58_58_42_58_32_58_58_49_41_46_43_54_39_54_35_51_50_50_51_40_50_51_44_44_35_27_31_39_54_52_50_49_50_19_19_11_18_16_15_29_42_39_52_51_24_35_23_16_6_5_35_37_37_23_37_13_8_6_9_0.1_0.1_0.1_0.1_0.1_0.1_0.1_0.1_0.1_0.1_0.1_0.1_0.1_0.1_0.1_0.1_0.1_0.1_0.1_0.1_0.1_0.1_0.1_0.1_0.1_0.1_0.1_0.1_0.1_0.1_0.1_0.1_0.1_0.1_0.1_0.1_0.1_0.1_0.1","TCTAATCCTGTTCGCTCCCCACGCTTTCGCTCCTCAGCGTCAGTGACGGCCCANAGACCTGCCTTCGCCATCGGTGTTCTTCCCGATATCTACACATTCCACCGTTACACCGGGAATTCCAGTCTCCCCTACCGCACTCCAGTCCGCCCGTACCCGGCGCCGATCCACCGTTAAGCGATGGACTTTCACACCAGACGCGACGAACCGCCTACGAGCCCTTTACGCCCAATAAATCCGGATAACGCTTGCACCCTACGTATTACCGCGGCTGCTGGCACGTAGTTAGCCGGTGCTTATTCGAAAGGTACACTCACTCTCGCTTGCTCCCAATCAAAAGCGGTTTACAACCCGAAGGCCGTCATCCCGCACGCGGCGTCGCTGC",51.98,1,382,"Bifidobacterium asteroides (CCUG 24607)","NR_044154.1",100,"Actinomycetota","Actinomycetes","Bifidobacteriales","Bifidobacteriaceae","Bifidobacterium","Bifidobacterium asteroides",75,78.5,82,86.5,94.5,98.7
"C:/Users/Brendan Daisley/Documents/GITHUB/isolateR/examples/honeybee_isolates/isolateR_output","","2023_06_28","HB534","TNNNNNNNNNNNNNNNTGNACNNCCTGTCACTCTGCCCCCGAAGGGGAAGCCCTATCTCTAGGGTTGTCAGAGGATGTCAAGACCTGGTAAGGTTCTTCGCGTTGCTTCGAATTAAACCACATGCTCCACCGCTTGTGCGGGCCCCCGTCAATTCCTTTGAGTTTCAGTCTTGCGACCGTACTCCCCAGGCGGAGTGCTTAATGCGTTTGCTGCAGCACTAAAGGGCGGAAACCCTCTAACACTTAGCACTCATCGTTTACGGCGTGGACTACCAGGGTATCTAATCCTGTTCGCTCCCCACGCTTTCGCGCCTCAGCGTCAGTTACAGACCAGAGAGTCGCCTTCGCCACTGGTGTTCCTCCACATCTCTACGCATTTCACCGCTACACGTGAAATTCCACTCTCCTCTTCTGCACTCAAGTTCCCCAGTTTCCAATGACCCTCCCCGGTTGAGCCGGGGGCTTTCACATCAGACTTAAGAAACCGCCTGCGCGCGCTTTACGCCCAATAATTCCGGACAACGCTTGCCACCTACGTATTACCGCGGCTGCTGGCACGTAGTTAGCCGTGGCTTTCTGGTTAGGTACCGTCAAGGTNCCGCCCTATTCGAACGGTACTTGTTCTTCCCTAACAACAGAGTTTTACGATCCGAAAACCTTCATCACTCACGCGGCGTTGCTCCGTCAGACTTTCGTCCATTGCGGAAGATTCCCTACTGCTGCCTCCCGTACTTTAGTGNGGGGNTTNNN",40.25,24,750,"11_5_5_5_4_6_5_6_5_4_6_6_5_6_8_4_16_17_9_21_13_6_6_25_41_23_39_15_12_21_18_17_19_15_42_30_30_19_27_23_16_24_24_21_38_27_29_38_39_33_39_31_27_34_32_35_26_24_22_20_19_19_39_43_30_41_44_30_39_28_30_51_34_49_49_27_49_30_30_24_24_41_49_43_41_43_51_34_39_39_43_43_59_30_41_34_40_39_39_34_43_50_49_34_37_34_43_39_34_13_34_43_41_39_34_30_34_39_36_30_34_30_41_51_34_30_31_26_18_30_31_41_23_34_30_49_34_46_34_40_43_31_30_34_34_34_43_39_34_39_31_31_34_34_30_30_28_50_50_50_51_36_48_46_41_34_36_43_34_49_34_39_50_34_19_34_34_23_34_19_41_41_43_49_30_34_24_30_30_49_34_43_50_49_49_30_49_23_28_23_30_30_24_49_19_19_30_27_28_48_34_34_49_31_25_13_27_41_34_34_24_30_19_30_50_43_30_40_27_46_37_39_43_39_34_43_39_34_34_34_34_34_30_34_34_39_19_24_30_34_50_51_30_34_34_30_32_41_34_41_36_30_46_24_30_30_59_18_39_32_30_31_34_40_30_37_56_34_30_30_34_30_30_43_34_39_41_34_34_51_43_40_34_30_34_39_49_49_34_34_27_24_30_34_43_43_43_39_23_39_43_46_34_30_27_23_13_28_27_28_23_13_23_40_40_49_34_24_40_51_51_34_50_30_51_34_49_43_24_30_13_30_34_34_30_30_27_30_30_34_40_30_43_30_18_39_34_40_39_40_34_43_43_30_41_30_43_43_34_35_38_30_49_30_40_56_51_56_51_43_49_43_46_49_39_36_34_43_30_34_24_13_23_23_28_30_16_59_56_48_39_46_48_48_49_56_48_51_56_50_50_56_45_59_50_45_46_46_56_43_56_59_62_56_62_59_59_56_51_43_50_59_56_59_59_59_59_59_62_59_59_59_59_59_59_59_59_56_59_62_51_56_62_59_50_56_56_59_62_49_45_51_38_34_45_59_59_51_59_51_59_51_51_22_56_39_56_44_51_51_28_62_56_56_56_56_56_56_56_50_62_56_56_62_56_56_56_44_56_56_62_62_56_12_23_21_16_18_22_62_62_62_62_62_62_56_51_56_62_51_56_62_56_56_56_62_47_62_56_62_56_62_62_56_56_56_47_56_56_62_56_62_62_62_40_62_52_52_52_54_62_54_52_62_43_52_62_62_52_54_62_43_62_62_62_58_54_54_52_52_58_40_52_54_54_54_52_52_54_54_54_54_54_54_54_52_54_54_52_58_52_48_52_54_54_30_18_9_16_17_16_54_52_52_54_54_54_49_44_34_51_52_51_49_48_37_50_49_48_50_58_51_51_51_54_49_54_51_51_50_46_43_40_40_49_54_47_40_58_50_58_58_54_51_52_49_40_58_42_51_50_43_51_51_50_43_44_42_49_53_53_41_54_53_52_50_54_49_50_47_50_54_49_44_49_50_49_49_50_51_53_51_42_39_44_50_49_32_54_32_49_50_54_44_37_52_54_39_31_47_50_49_41_41_36_51_40_32_33_18_37_51_51_47_36_41_39_40_49_40_44_39_44_17_23_11_14_14_15_31_32_29_41_45_25_36_14_20_18_6_24_22_22_14_10_19_14_5_5_5_0.1_0.1_0.1_0.1_0.1_0.1_0.1_0.1_0.1_0.1_0.1_0.1_0.1_0.1_0.1","ATGCTCCACCGCTTGTGCGGGCCCCCGTCAATTCCTTTGAGTTTCAGTCTTGCGACCGTACTCCCCAGGCGGAGTGCTTAATGCGTTTGCTGCAGCACTAAAGGGCGGAAACCCTCTAACACTTAGCACTCATCGTTTACGGCGTGGACTACCAGGGTATCTAATCCTGTTCGCTCCCCACGCTTTCGCGCCTCAGCGTCAGTTACAGACCAGAGAGTCGCCTTCGCCACTGGTGTTCCTCCACATCTCTACGCATTTCACCGCTACACGTGAAATTCCACTCTCCTCTTCTGCACTCAAGTTCCCCAGTTTCCAATGACCCTCCCCGGTTGAGCCGGGGGCTTTCACATCAGACTTAAGAAACCGCCTGCGCGCGCTTTACGCCCAATAATTCCGGACAACGCTTGCCACCTACGTATTACCGCGGCTGCTGGCACGTAGTTAGCCGTGGCTTTCTGGTTAGGTACCGTCAAGGTNCCGCCCTATTCGAACGGTACTTGTTCTTCCCTAACAACAGAGTTTTACGATCCGAAAACCTTCATCACTCACGCG",43.49,1,552,"Bacillus piscis (16MFT21)","NR_165685.1",99.8,"Bacillota","Bacilli","Bacillales","Bacillaceae","Bacillus","Bacillus piscis",75,78.5,82,86.5,94.5,98.7
"C:/Users/Brendan Daisley/Documents/GITHUB/isolateR/examples/honeybee_isolates/isolateR_output","","2023_06_28","HB535","NNNNNNNNNNNNNNNNGNNCNACCTGTCTTAGTGTTCCCGAAGGAAACATCCTATCTCTAGGACTGGCACTAGATGTCAAGACCTGGTAAGGTTCTTCGCGTTGCTTCTAATTAAACCACATGCTCCACCGGTTGTGCGGGCCCCCGTCAATTCCTTTGANTTTTAACCTTGCGGTCGTACTCCCCAGGCGGAGTGCTTAATGCGTTAGCTGCAGCACTGAGAGGCGGAAACCTCCCAACACTTAGCACTCATCGTTTACGGCATGGACTACCAGGGTATCTAATCCTGTTCGCTACCCATGCTTTCGAACCTCAGCGTCAGTTACAGACCAGAGAGCCGCCTTCGCCACTGGTGTTCTTCCATATATCTACGCATTCCACCGCTACACATGGAGTTCCACTCTCCTCTTCTGCACTCAAGAAAAATAGTTTCAGCTGCAGTTCCCCAGTTAAGCTGAGGGCTTTCACAGCTGACTTATTCTCCCGCCTGCGTTCGCTTTACGCCCAATAAATCCGGACAACGCTTGCCACCTACGTATTACCGCGGCTGCTGGCACGTAGTTAGCCGTGACTTTCTGGTTGATTACCGTCAAACAAGAATCAGTTACTACCCCTGTCCTTCTTCACCAACAACAGAGCTTTACGATCCGAAAACCTTCTTCACTCACGCGGCGTTGCTCCATCAGACTTGCGTCCATTGTGGATGATTCCCTACTGCTGCCTNCCGTACTTTANTGNNGGTNNNANN",44.16,29,748,"6_4_5_5_6_5_5_5_4_5_5_5_8_6_6_10_12_6_8_11_7_11_25_24_31_33_16_17_21_21_24_14_23_20_26_24_33_31_18_20_30_19_20_22_20_14_23_21_26_26_28_24_19_22_22_19_24_18_12_12_13_25_36_19_30_56_30_22_20_26_24_24_13_22_21_34_34_30_18_17_23_33_34_27_34_46_27_16_27_24_43_38_18_30_24_30_34_30_16_23_34_27_23_31_34_28_23_41_19_31_30_27_27_23_23_19_23_26_26_17_22_18_34_18_18_24_18_18_23_13_13_13_13_12_27_18_34_18_23_27_24_30_34_37_34_34_27_22_24_30_34_23_27_19_18_23_25_26_21_18_10_18_18_13_12_34_34_34_36_34_34_43_24_51_50_38_50_49_43_49_49_51_51_49_50_38_43_43_62_36_56_50_49_38_36_56_27_34_34_31_27_34_62_51_62_62_59_59_56_56_49_54_56_56_62_56_59_49_59_59_59_44_54_54_62_49_59_56_62_59_59_59_59_59_59_59_62_62_56_54_59_59_56_56_59_46_59_59_59_62_59_59_59_59_62_59_62_59_62_59_56_62_43_50_50_62_51_59_59_56_62_59_59_59_59_62_54_54_62_62_54_42_56_59_59_59_51_50_62_56_59_59_56_59_59_59_59_50_50_48_50_62_48_43_43_59_59_43_56_59_59_62_62_62_59_50_62_62_59_59_50_59_59_59_59_59_46_48_59_59_51_51_13_46_18_28_34_34_54_56_59_56_43_54_56_49_59_51_49_46_48_56_56_51_62_59_59_59_59_56_56_56_56_59_59_59_59_59_59_56_59_62_50_59_59_56_62_62_59_56_62_62_59_56_54_59_62_46_50_50_50_62_51_59_59_59_59_59_59_50_46_56_59_56_59_56_56_59_59_59_59_56_62_59_56_56_56_51_45_45_34_38_45_50_62_62_59_62_51_59_59_59_59_46_51_59_59_59_56_43_43_51_56_56_59_62_62_59_59_62_62_59_56_50_59_56_56_62_50_62_59_56_56_56_62_62_56_62_56_56_50_56_56_47_44_56_56_56_62_49_62_56_62_62_62_38_51_50_38_56_50_56_62_56_56_50_56_56_56_62_62_62_56_62_62_51_62_62_62_62_62_62_62_62_46_46_56_43_43_50_62_56_56_56_56_41_62_56_39_56_56_62_56_56_56_41_47_52_54_49_54_52_52_52_62_52_52_52_52_62_52_52_62_43_52_52_62_52_52_52_34_54_54_54_54_54_54_52_52_54_45_48_52_46_46_46_52_54_45_40_52_52_54_42_54_54_54_52_54_54_54_48_58_58_52_54_54_52_58_41_54_54_43_40_49_51_51_24_21_19_12_19_19_47_48_58_50_49_39_43_44_58_58_58_53_39_46_37_47_51_52_54_54_51_51_40_54_46_43_43_44_50_43_44_42_58_48_44_44_42_51_51_50_43_44_44_49_51_51_58_49_53_40_43_54_47_49_49_51_58_44_43_44_49_52_53_50_51_49_50_46_25_49_51_49_27_54_38_51_41_49_54_50_45_53_47_37_51_42_54_37_49_32_51_47_32_37_21_44_52_49_44_39_45_38_40_44_41_49_52_21_18_15_9_17_21_23_35_40_26_44_45_32_16_9_12_13_8_9_13_32_33_10_6_5_12_6_10_0.1_0.1_0.1_0.1_0.1_0.1_0.1_0.1_0.1_0.1_0.1_0.1_0.1_0.1_0.1_0.1_0.1","AGCTGCAGCACTGAGAGGCGGAAACCTCCCAACACTTAGCACTCATCGTTTACGGCATGGACTACCAGGGTATCTAATCCTGTTCGCTACCCATGCTTTCGAACCTCAGCGTCAGTTACAGACCAGAGAGCCGCCTTCGCCACTGGTGTTCTTCCATATATCTACGCATTCCACCGCTACACATGGAGTTCCACTCTCCTCTTCTGCACTCAAGAAAAATAGTTTCAGCTGCAGTTCCCCAGTTAAGCTGAGGGCTTTCACAGCTGACTTATTCTCCCGCCTGCGTTCGCTTTACGCCCAATAAATCCGGACAACGCTTGCCACCTACGTATTACCGCGGCTGCTGGCACGTAGTTAGCCGTGACTTTCTGGTTGATTACCGTCAAACAAGAATCAGTTACTACCCCTGTCCTTCTTCACCAACAACAGAGCTTTACGATCCGAAAACCTTCTTCACTCACGCGGCGTTGCTC",53.45,0,473,"Lactobacillus huangpiensis (F306-1)","NR_179358.1",99.8,"Bacillota","Bacilli","Lactobacillales","Lactobacillaceae","Lactobacillus","Lactobacillus huangpiensis",75,78.5,82,86.5,94.5,98.7
"C:/Users/Brendan Daisley/Documents/GITHUB/isolateR/examples/honeybee_isolates/isolateR_output","","2023_06_28","HB536","NNNNNNNNNNNNNNNTGNNNNCCNTGNNNNNNNNNNNNNNGNNAGGCGCNNTGCCGCGGCCGTGCGGCCCATGTNACGCCCNGGTAGGGTTCTACGCGTTGCATCGAATTAATCCGCATGCTCCGCCGCTTGTGCGGGCCCCCGTCAATTTCTTTGAGTTTTAGCCTTGCGGCCGTACTCCCCAGGCGGGATGCTTAACGCGTTAGCTCCGACACGGAACCCGTGGAACGGGCACCACATCCAGCATCCACCGTTTACGGCGTGGACTACCAGGGTATCTAATCCTGTTCGCTCCCCACGCTTTCGCTCCTCAGCGTCAGTGACGGCCCAAAGACCTGCCTTCGCCATCGGTGTTCTTCCCGATATCTACACATTCCACCGTTACACCGGGAATTCCAGTCTCCCCTACCGCACTCCAGTCCGCCCGTACCCGGCGCCGATCCACCGTTAAGCGATGGACTTTCACACCAGACGCGACGAACCGCCTACGAGCTCTTTACGCCCAATAAATCCGGATAACGCTTGCACCCTACGTATTACCGCGGCTGCTGGCACGTAGTTAGCCGGTGCTTATTCGAAAGGTACACTCACTCTCGCTTGCTCCCAATCAAAAGCGGTTTACAACCCGAAGGCCGTCATCCCGCACGCGGCGTCGCTGCATCAGGCTTTCGCCCATTGTGCAATATTCCCCACTGCTGCCTCCCGTACTTTAGTGNTGGGTTANNN",39.69,44,726,"2_4_4_3_10_7_6_8_5_9_8_4_4_9_4_14_14_8_9_5_9_16_14_6_15_17_9_6_5_5_4_4_7_8_9_9_9_10_10_9_13_10_9_14_23_15_15_15_12_10_10_15_11_14_15_14_24_19_14_12_13_12_24_24_25_23_30_19_15_17_16_14_23_18_11_18_11_24_13_18_19_11_24_34_12_12_20_20_30_15_15_13_24_32_18_12_24_24_24_23_24_24_15_18_18_11_13_23_18_34_30_30_24_30_23_16_19_24_24_49_31_34_34_24_31_23_34_24_24_30_30_49_23_39_36_43_48_18_13_20_18_13_19_12_16_19_19_23_51_51_43_34_34_34_30_31_34_18_50_46_30_24_43_23_30_34_34_34_34_28_34_43_18_30_34_23_19_30_41_49_34_30_24_24_18_43_30_56_34_24_27_26_34_20_23_18_24_34_30_34_34_30_34_24_30_13_24_24_34_23_18_34_30_19_23_34_41_49_43_30_34_23_34_18_43_30_34_27_24_30_13_18_13_13_13_14_24_24_24_43_43_34_30_34_27_38_43_40_34_34_34_23_34_24_30_30_50_43_24_46_13_23_18_43_19_39_30_34_34_27_29_23_24_59_34_35_37_39_34_28_30_30_31_37_27_27_50_34_39_43_32_30_30_34_34_34_43_49_30_43_39_34_39_27_27_19_23_37_43_39_35_34_30_34_43_34_27_31_19_34_34_46_46_43_31_36_30_34_39_20_11_43_16_20_24_23_56_62_59_56_54_54_56_49_59_59_56_62_62_50_56_51_62_54_56_59_59_59_59_59_56_50_62_59_51_59_62_56_59_59_50_56_50_59_59_59_59_59_62_62_56_46_56_59_62_59_59_49_46_59_56_46_59_59_59_62_59_46_56_50_59_56_59_56_56_56_49_59_62_56_59_56_59_59_59_59_62_59_56_59_62_62_62_62_62_62_62_59_59_62_62_62_59_62_59_51_56_59_43_62_56_62_62_59_62_62_62_56_62_62_62_59_56_56_62_56_62_56_45_44_56_56_62_62_56_62_62_62_56_51_35_62_51_56_56_51_56_56_38_62_56_56_46_62_56_56_56_56_56_28_62_51_56_56_56_62_62_62_62_62_56_62_62_51_62_62_62_62_62_56_56_56_47_41_56_47_43_56_62_56_56_56_56_56_62_56_43_47_62_62_62_52_52_47_52_52_54_62_62_62_62_62_62_52_52_52_52_62_62_52_62_43_62_54_54_52_54_54_50_54_46_54_58_58_58_58_54_52_54_54_54_54_54_54_49_54_29_52_52_54_54_54_37_54_52_54_54_54_54_40_58_58_58_54_54_50_48_52_52_58_52_51_54_48_44_30_48_51_51_51_51_58_51_50_48_41_43_51_58_40_49_50_49_58_54_51_49_50_54_47_41_58_50_50_44_50_51_50_58_54_49_49_50_48_44_50_51_58_54_51_50_49_52_53_34_44_49_50_58_53_58_43_40_43_58_50_58_51_53_53_33_54_58_41_40_51_50_51_40_50_50_53_53_39_53_46_38_51_51_49_50_37_50_40_54_49_53_42_34_19_21_14_16_19_13_30_38_32_49_44_25_35_28_16_12_9_11_44_46_30_25_12_36_6_9_7_0.1_0.1_0.1_0.1_0.1_0.1_0.1_0.1_0.1_0.1_0.1_0.1_0.1_0.1_0.1_0.1_0.1_0.1_0.1_0.1_0.1_0.1_0.1_0.1_0.1_0.1_0.1_0.1_0.1_0.1_0.1_0.1_0.1_0.1_0.1_0.1_0.1_0.1_0.1","CATTCCACCGTTACACCGGGAATTCCAGTCTCCCCTACCGCACTCCAGTCCGCCCGTACCCGGCGCCGATCCACCGTTAAGCGATGGACTTTCACACCAGACGCGACGAACCGCCTACGAGCTCTTTACGCCCAATAAATCCGGATAACGCTTGCACCCTACGTATTACCGCGGCTGCTGGCACGTAGTTAGCCGGTGCTTATTCGAAAGGTACACTCACTCTCGCTTGCTCCCAATCAAAAGCGGTTTACAACCCGAAGGCCGTCATCCCGCACGCGGCGTCGCTGCA",54.62,0,289,"Bifidobacterium apousia (W8102)","NR_181622.1",100,"Actinomycetota","Actinomycetes","Bifidobacteriales","Bifidobacteriaceae","Bifidobacterium","Bifidobacterium apousia",75,78.5,82,86.5,94.5,98.7
