"sequence_group","date","filename","representative","seqs_trim","phred_trim","Ns_trim","length_trim","closest_match","NCBI_acc","ID","rank_phylum","rank_class","rank_order","rank_family","rank_genus","rank_species"
"YANO_131-GMM-2-AN","2023_12_13","YANO_131-GMM-2-AN","yes","GGATGTCAAGACCTGGTAAGGTTCTTCGCGTTGCTTCGAATTAAACCACATGCTCCACCGCTTGTGCGGGCCCCCGTCAATTCCTTTGAGTTTCAACCTTGCGGTCGTACTCCCCAGGCGGAGTGCTTAATGCGTTTGCTGCAGCACTGAAGGGCGGAAACCCTCCAACACTTAGCACTCATCGTTTACGGCGTGGACTACCAGGGTATCTAATCCTGTTTGCTCCCCACGCTTTCGAGCCTCAGCGTCAGTTACAGACCAGAGAGCCGCCTTCGCCACTGGTGTTCCTCCATATATCTACGCATTTCACCGCTACACATGGAATTCCACTCTCCTCTTCTGCACTCAAGTCTCCCAGTTTCCAATGACCCTCCCCGGTTGAGCCGGGGGCTTTCACATCAGACTTAAGAAACCGCCTGCGCTCGCTTTACGCCCAATAAATCCGGACAACGCTTGCCACCTACGTATTACCGCGGCTGCTGGCACGTAGTTAGCCGTGGCTTTCTGGTTAGATACCGTCAGGGGACGTTCAGTTACTAACGTCCTTGTTCTTCTCTAACAACAGAGTTTTACGATCCGAAAACCTTCTTCACTCACGCGGCGTTGCTCGG",50.3,0,611,"Enterococcus faecalis (ATCC 19433)","NR_115765.1",100,"Bacillota","Bacilli","Lactobacillales","Enterococcaceae","Enterococcus","Enterococcus faecalis"
"YANO_131-MRS-3C-AER","2023_12_13","YANO_131-MRS-3C-AER","yes","TCAAGACCAGGTAAGGTTCTTCGCGTTGCATCGAATTAAACCACATGCTCCACCGCTTGTGCGGGCCCCCGTCAATTCATTTGAGTTTTAACCTTGCGGCCGTACTCCCCAGGCGGTCGACTTAACGCGTTAGCTCCGGAAGCCACGCCTCAAGGGCACAACCTCCAAGTCGACATCGTTTACGGCGTGGACTACCAGGGTATCTAATCCTGTTTGCTCCCCACGCTTTCGCACCTGAGCGTCAGTCTTCGTCCAGGGGGCCGCCTTCGCCACCGGTATTCCTCCAGATCTCTACGCATTTCACCGCTACACCTGGAATTCTACCCCCCTCTACGAGACTCAAGCCTGCCAGTATCAGATGCAGTTCCCAGGTTGAGCCCGGGGATTTCACATCTGACTTAACAGACCGCCTGCGTGCGCTTTACGCCCAGTAATTCCGATTAACGCTTGCACCCTCCGTATTACCGCGGCTGCTGGCACGGAGTTAGCCGGTGCTTCTTCTGCGGGTAACGTCAATTGCTGCGGTTATTAACCACAACACCTTCCTCCCCGCTGAAAGTACTTTACAACCCGAAGGCCTTCTTCATACACGCGGCATGGCTG",51.13,0,603,"Citrobacter koseri (CCUG 14559)","NR_104890.1",100,"Pseudomonadota","Gammaproteobacteria","Enterobacterales","Enterobacteriaceae","Citrobacter","Citrobacter koseri"
"YANO_132-FNB-651H-2-AER","2023_12_13","YANO_132-FNB-651H-2-AER","yes","GAGGATGTCAAGATTTGGTAAGGTTCTTCGCGTTGCTTCGAATTAAACCACATGCTCCACCGCTTGTGCGGGTCCCCGTCAATTCCTTTGAGTTTCAACCTTGCGGTCGTACTCCCCAGGCGGAGTGCTTAATGCGTTAGCTGCAGCACTAAGGGGCGGAAACCCCCTAACACTTAGCACTCATCGTTTACGGCGTGGACTACCAGGGTATCTAATCCTGTTTGATCCCCACGCTTTCGCACATCAGCGTCAGTTACAGACCAGAAAGTCGCCTTCGCCACTGGTGTTCCTCCATATCTCTGCGCATTTCACCGCTACACATGGAATTCCACTTTCCTCTTCTGCACTCAAGTTTTCCAGTTTCCAATGACCCTCCACGGTTGAGCCGTGGGCTTTCACATCANACTTAAAAAACCGCCTACGCGCGCTTTACGCCCAATAATTCCGGATAACGCTTGCCACCTACGTATTACCGCGGCTGCTGGCACGTAGTTAGCCGTGGCTTTCTGATTAGGTACCGTCAAGACGTGCATAGTTACTTACACATTTGTTCTTCCCTAATAACAGAGTTTTACGATCCGAAAACCTTCTTCACTCACGCG",43.72,1,602,"Staphylococcus capitis (ATCC 27840)","NR_117006.1",99.8,"Bacillota","Bacilli","Bacillales","Staphylococcaceae","Staphylococcus","Staphylococcus capitis"
"YANO_131-LGXC-13-C-AN","2023_12_13","YANO_131-LGXC-13-C-AN","yes","CAAGCCCGGGTAAGGTTCCTCGCGTATCATCGAATTAAACCACATGTTCCTCCGCTTGTGCGGGCCCCCGTCAATTCCTTTGAGTTTCACCGTTGCCGGCGTACTCCCCAGGTGGAATACTTAACGCTTTCGCTTGGCCGCTTACCGTATATCGCAAACAGCGAGTATTCATCGTTTACTGTGTGGACTACCAGGGTATCTAATCCTGTTTGATACCCACACTTTCGAGCATCAGCGTCAGTTACAGTCCAGCAAGCTGCCTTCGCAATCGGAGTTCTTCGTGATATCTAAGCATTTCACCGCTACACCACGAATTCCGCCTACCTCTACTGTACTCAAGGATGCCAGTATCAACTGCAATTTTACGGTTGAGCCGCAAACTTTCACAACTGACTTAACATCCCGCCTACGCTCCCTTTAAACCCAATAAATCCGGATAACGCTCGGATCCTCCGTATTACCGCGGCTGCTGGCACGGAGTTAGCCGATCCTTATTCATACGGTACATACAAAACGGCACACGTGCCGCACTTTATTCCCGTATAAAAGAAGTTTACAACCCATAGGGCAGTCATCCTTCACGCTACTTGGCTGGT",50.58,0,596,"Bacteroides uniformis (JCM 5828)","NR_112945.1",98,"Bacteroidota","Bacteroidia","Bacteroidales","Bacteroidaceae","Bacteroides","Bacteroides uniformis"
"YANO_131-FNBU-9-AN","2023_12_13","YANO_131-FNBU-9-AN","yes","TCAAACCCGGGTAAGGTTCCTCGCGTATCATCGAATTAAACCACATGTTCCTCCGCTTGTGCGGGCCCCCGTCAATTCCTTTGAGTTTCACCGTTGCCGGCGTACTCCCCAGGTGGATTACTTAACGCTTTCGCTGTGGAGCTTACACTGTATCGCAAACTCCTAGTAATCATCGTTTACTGCGTGGACTACCAGGGTATCTAATCCTGTTTGATACCCACGCTTTCGTGCTTCAGTGTCAGTCATGGCTTGGCAAGCTGCCTTCGCAATCGGGGTTCTGCGTGATATCTATGCATTTCACCGCTACACCACGCATTCCGCCTGCCTCAATCATACTCAAGCCGGCCAGTTTCAACGGCAGTCCGATGGTTGAGCCACTGGATTTCACCGCTGACTTAATCGGCGACCTACGCACCCTTTAAACCCAATAAATCCGGATAACGCTCGCATCCTCCGTATTACCGCGGCTGCTGGCACGGAGTTAGCCGATGCTTATTCNNNCGGTACATGCAAACGGGGACGCGTCCCCGACTTTATTCCCGCACAAAAGAAGTTTACAATCCATAGGACCTTCATCCTCCACGCGACTTGGCTG",50.23,3,595,"Parabacteroides provencensis (Marseille-P3668)","NR_179605.1",93.4,"Bacteroidota","Bacteroidia","Bacteroidales","Tannerellaceae","Parabacteroides","Parabacteroides provencensis"
"YANO_131-FNB8520M-2-AER","2023_12_13","YANO_131-FNB8520M-2-AER","yes","AGGATGTCAAGACCTGGTAAGGTTCTTCGCGTTGCTTCGAATTAAACCACATGCTCCACCGCTTGTGCGGGCCCCCGTCAATTCCTTTGAGTTTCAACCTTGCGGTCGTACTCCCCAGGCGGAGTGCTTAATGCGTTAGCTGCAGCACTGAAGGGCGGAAACCCTCCAACACTTAGCACTCATCGTTTACGGCGTGGACTACCAGGGTATCTAATCCTGTTTGCTCCCCACGCTTTCGAGCCTCAGCGTCAGTTACAGACCAGAGAGCCGCCTTCGCCACTGGTGTTCCTCCATATATCTACGCATTTCACCGCTACACATGGAATTCCACTCTCCTCTTCTGCACTCAAGTCTCCCAGTTTCCAATGACCCTCCCCGGTTGAGCCGGGGGCTTTCACATCAGACTTAAGAAACCGCCTGCGCTCGCTTTACGCCCAATAAATCCGGACAACGCTTGCCACCTACGTATTACCGCGGCTGCTGGCACGTAGTTAGCCGTGGCTTTCTGGTTAGATACCGTCAAGGGATGAACAGTTACTCTCATCCTTGTTCTTCTCTAACAACAGAGTTTTACGATCCGAAAACCTTCTTCAC",50.65,0,594,"Enterococcus faecium (ATCC 19434)","NR_115764.1",100,"Bacillota","Bacilli","Lactobacillales","Enterococcaceae","Enterococcus","Enterococcus faecium"
"YANO_131-FNBETOH4-AN","2023_12_13","YANO_131-FNBETOH4-AN","yes","CTATGCGTACGATGTCAAGACCTGGTAAGGTTCTTCGCGTTGCTTCGAATTAATCCACATACTCCACTGCTTGTGCGGGCCCCCGTCAATTCCTTTGAGTTTCAACCTTGCGGTCGTACTCCCCAGGTGGATTACTTATTGCGTTTGCTGCGGCACGGAAGGGGTCAGTCCCCCCACACCTAGTAATCATCGTTTACGGCGTGGACTACCAGGGTATCTAATCCTGTTTGCTCCCCACGCTTTCGAGCCTCAGCGTCAGTTAAAGCCCAGTAAGCCGCCTTCGCCACTGATGTTCCTCCTAATATCTACGCATTTCACCGCTACACTAGGAATTCCGCTTACCTCTACTTCACTCAAGAACTGCAGTTTCAAATGCACGTTATGGGTTGAGCCCATAAATTTCACATCTGACTTGCAATCCCGCCTACGCTCCCTTTACACCCAGTAATTCCGGACAACGCTCGCTCCCTACGTATTACCGCGGCTGCTGGCACGTAGTTAGCCGGAGCTTCCTCCTCAGGTACCGTCATTATCGTCCCTGAAGACAGAGGTTTACAATCCTAAAACCTTCTTCCCTCACGCGGCATCGCTGCA",51.73,0,594,"Ruminococcus albus (7)","NR_115230.1",96.8,"Bacillota","Clostridia","Eubacteriales","Oscillospiraceae","Ruminococcus","Ruminococcus albus"
"YANO_132-M17-30C-AN","2023_12_13","YANO_132-M17-30C-AN","yes","GTCAGAGGATGTCAAGCCTTGGTAAGGTTCTTCGCGTTGCTTCGAATTAAACCACATGCTCCGCTGCTTGTGCGGGCCCCCGTCAATTCCTTTGAGTTTCAACCTTGCGGTCGTACTCCCCAGGCGGGATACTTATTGCGTTTGCTGCGGCACAGAAGCCTATCGGCCCCTACACCTAGTATCCATCGTTTACGGCGTGGACTACCAGGGTATCTAATCCTGTTTGCTCCCCACGCTTTCGTGCCTCAGCGTCAGTTACAGTCCAGAAAGCCGCCTTCGCCACTGGTGTTCCTCCTAATATCTACGCATTTCACCGCTACACTAGGAATTCCGCTTTCCTCTCCTGCACTCAAGTCTGACAGTTTCAAATGCACCCTCCAGGTTAAGCCCGGATATTTCACATCTGACTTATCAAACCGCCTACGCACCCTTTACGCCCAGTAATTCCGGACAACGCTTGCTCCCTACGTATTACCGCGGCTGCTGGCACGTAGTTAGCCGGAGCTTCCTCCTTGGGTACCGTCACTTACTTCGTCCCCAAGGACAGAGTTTTACAATCCGAAGACCTTCTTCACTCACGCGGCGTTGCTGGG",51.49,0,593,"Guopingia tenuis (NSJ-63)","NR_181387.1",96.3,"Bacillota","Clostridia","Christensenellales","Christensenellaceae","Guopingia","Guopingia tenuis"
"YANO_131-GMM-11-C-AN-b","2023_12_13","YANO_131-GMM-11-C-AN-b","yes","TCTTCGCGTTGCATCGAATTAAACCACATGCTCCACCGCTTGTGCGGGCCCCCGTCAATTCATTTGAGTTTTAACCTTGCGGCCGTACTCCCCAGGCGGTCGACTTAACGCGTTAGCTCCGGAAGCCACTCCTCAAGGGAACAACCTCCAAGTCGACATCGTTTACAGCGTGGACTACCAGGGTATCTAATCCTGTTTGCTCCCCACGCTTTCGCACCTGAGCGTCAGTCTTTGTCCAGGGGGCCGCCTTCGCCACCGGTATTCCTCCAGATCTCTACGCATTTCACCGCTACACCTGGAATTCTACCCCCCTCTACAAGACTCCAGCCTGCCAGTTTCGAATGCAGTTCCCAGGTTGAGCCCGGGGATTTCACATCCGACTTGACAGACCGCCTGCGTGCGCTTTACGCCCAGTAATTCCGATTAACGCTTGCACCCTCCGTATTACCGCGGCTGCTGGCACGGAGTTAGCCGGTGCTTCTTCTGCGGGTAACGTCAATGAATGAGGTTATTAACCTCACTCCCTTCCTCCCCGCTGAAAGTACTTTACAACCCGAAGGCCTTCTTCATACACGCGGCATGGCTGCA",51.64,0,588,"Klebsiella oxytoca (ATCC 13182)","NR_119277.1",99.8,"Pseudomonadota","Gammaproteobacteria","Enterobacterales","Enterobacteriaceae","Klebsiella","Klebsiella oxytoca"
"YANO_131-FNBETOH4-AN","2023_12_13","YANO_131-MH-25-AN","no","CGTACGATGTCAAGACCTGGTAAGGTTCTTCGCGTTGCTTCGAATTAATCCACATACTCCACTGCTTGTGCGGGCCCCCGTCAATTCCTTTGAGTTTCAACCTTGCGGTCGTACTCCCCAGGTGGATTACTTATTGCGTTTGCTGCGGCACGGAAGGGGTCAGTCCCCCCACACCTAGTAATCATCGTTTACGGCGTGGACTACCAGGGTATCTAATCCTGTTTGCTCCCCACGCTTTCGAGCCTCAGCGTCAGTTAAAGCCCAGTAAGCCGCCTTCGCCACTGATGTTCCTCCTAATATCTACGCATTTCACCGCTACACTAGGAATTCCGCTTACCTCTACTTCACTCAAGAACTGCAGTTTCAAATGCACGTTATGGGTTGAGCCCATAAATTTCACATCTGACTTGCAATCCCGCCTACGCTCCCTTTACACCCAGTAATTCCGGACAACGCTCGCTCCCTACGTATTACCGCGGCTGCTGGCACGTAGTTAGCCGGAGCTTCCTCCTCAGGTACCGTCATTATCGTCCCTGAAGACAGAGGTTTACAATCCTAAAACCTTCTTCCCTCACGCGGCATCGCTGC",51.35,0,588,"Ruminococcus albus (7)","NR_115230.1",96.8,"Bacillota","Clostridia","Eubacteriales","Oscillospiraceae","Ruminococcus","Ruminococcus albus"
"YANO_131-FNB-8520M-6-AN","2023_12_13","YANO_131-FNB-8520M-6-AN","yes","GATGTCAAGACCTGGTAAGGTTCTTCGCGTTGCTTCGAATTAAACCACATACTCCACTGCTTGTGCGGGCCCCCGTCAATTCCTTTGAGTTTCAACCTTGCGGCCGTACTCCCCAGGTGGGATACTTATTGTGTTAACTGCGGCACGGAAGGGGTCAATACCTCCCACACCTAGTATCCATCGTTTACGGCGTGGACTACCAGGGTATCTAATCCTGTTTGCTCCCCACGCTTTCGCGCCTCAGCGTCAGTTAATGTCCAGCAGGCCGCCTTCGCCACTGGTGTTCCTCCGTATATCTACGCATTTCACCGCTACACACGGAATTCCGCCTGCCTCTCCATCACTCAAGACCAGCAGTTTTGAAAGCAGTTTATGGGTTAAGCCCATAGATTTCACTTCCAACTTGCCGGCCCGCCTGCGCGCCCTTTACACCCAGTAAATCCGGATAACGCTTGCTCCCTACGTATTACCGCGGCTGCTGGCACGTAGTTAGCCGGAGCTTATTCTTCAGGTACCGTCATTTTTTTCGTCCCTGATTAAAGATCTTTACAACCCGAAGGCCTTCTTCAATCACGCGGCGTTGCTGC",51.91,0,587,"Butyricicoccus faecihominis (KS-2)","NR_152060.1",100,"Bacillota","Clostridia","Eubacteriales","Butyricicoccaceae","Butyricicoccus","Butyricicoccus faecihominis"
"YANO_132-FCCR-12-AN","2023_12_13","YANO_132-FCCR-12-AN","yes","TCAAGCCCAGGTAAGGTTCTTCGCGTTGCATCGAATTAATCCGCATGCTCCGCCGCTTGTGCGGGCCCCCGTCAATTTCTTTGAGTTTTAGCCTTGCGGCCGTACTCCCCAGGCGGGATGCTTAACGCGTTAGCTCCGACACGGAACCCGTGGAACGGGCCCCACATCCAGCATCCACCGTTTACGGCGTGGACTACCAGGGTATCTAATCCTGTTCGCTCCCCACGCTTTCGCTCCTCAGCGTCAGTAACGGCCCAGAGACCTGCCTTCGCCATTGGTGTTCTTCCCGATATCTACACATTCCACCGTTACACCGGGAATTCCAGTCTCCCCTACCGCACTCCAGCCCGCCCGTACCCGGCGCAGATCCACCGTTAAGCGATGGACTTTCACACCGGACGCGACGAACCGCCTACGAGCCCTTTACGCCCAATAATTCCGGATAACGCTTGCACCCTACGTATTACCGCGGCTGCTGGCACGTAGTTAGCCGGTGCTTATTCGAAAGGTACACTCACCCGAAGGCTTGCTCCCAATCAAAAGCGGTTTACAACCCGAAGGCCGTCATCCCGCACGCGGCGTCGCT",49.68,0,586,"Bifidobacterium catenulatum (DSM 21854)","NR_112779.1",99.8,"Actinomycetota","Actinomycetes","Bifidobacteriales","Bifidobacteriaceae","Bifidobacterium","Bifidobacterium catenulatum"
"YANO_132-FNB-BLG1W-4-AN","2023_12_13","YANO_132-FNB-BLG1W-4-AN","yes","GTCCATCAATGTCAAGACCTGGTAAGGTTCTTCGCGTTGCGTCGAATTAAACCACATACTCCACCGCTTGTGCGGGCCCCCGTCAATTCCTTTGAGTTTCAACCTTGCGGTCGTACTCCCCAGGCGGGGTACTTATTGCGTTAACTCCGGCACAGAAGGGGTCGATACCTCCTACACCTAGTACCCATCGTTTACGGCCAGGACTACCGGGGTATCTAATCCCGTTCGCTCCCCTGGCTTTCGCGCCTCAGCGTCAGTTTTCGTCCAGAAAGTCGCCTTCGCCACTGGTGTTCTTCCTAATATCTACGCATTTCACCGCTACACTAGGAATTCCACTTTCCTCTCCGATACTCTAGATCAGCAGTTTCCATCCCCTCACGGGGTTAAGCCCCGAACTTTTAAGACAGACTGACTGATCCGCCTGCGCGCGCTTTACGCCCAATAATTCCGGACAACGCTTGCCACCTACGTATTACCGCGGCTGCTGGCACGTAGTTAGCCGTGGCTTTCTATTCCGGTACCGTCAATCCTCCTAACTATTCGCAAGAAGGCCTTTCGTCCCGATTAACAGAGCTTTACAACCCGA",51.87,0,586,"Veillonella denticariosi (RBV106)","NR_044153.1",100,"Bacillota","Negativicutes","Veillonellales","Veillonellaceae","Veillonella","Veillonella denticariosi"
"YANO_131-FCC-12-AN","2023_12_13","YANO_131-FCC-12-AN","yes","GATGTCAAGACTTGGTAAGGTTCTTCGCGTTGCTTCGAATTAAACCACATGCTCCACCGCTTGTGCGGGTCCCCGTCAATTCCTTTGAGTTTCATTCTTGCGAACGTACTCCCCAGGTGGAATACTTACTGCGTTTGCGACGGCACCGAAAAGCAATGCTCCCCAACACCTAGTATTCATCGTTTACGGCGTGGACTACCAGGGTATCTAATCCTGTTTGCTCCCCACGCTTTCGAGCCTCAGCGTCAGTTATCGTCCAGTAAGCCGCCTTCGCCACTGGTGTTCCTCCTAATATCTACGCATTTCACCGCTACACTAGGAATTCCGCTTACCCCTCCGACACTCTAGTACGACAGTTTCCAATGCAGTACCGGGGTTGAGCCCCGGGCTTTCACATCAGACTTGCCGCACCGCCTGCGCTCCCTTTACACCCAGTAAATCCGGATAACGCTTGCACCATACGTATTACCGCGGCTGCTGGCACGTATTTAGCCGGTGCTTCTTAGTCAGGTACCGTCATTATCTTCCCTGCTGATAGAGCTTTACATACCGAAATACTTCTTCGCTCACGCGGCGTCGCTGCAT",51.33,0,585,"Agathobacter rectalis (ATCC 33656)","NR_074634.1",99.7,"Bacillota","Clostridia","Lachnospirales","Lachnospiraceae","Agathobacter","Agathobacter rectalis"
"YANO_131-GMM-20-AN","2023_12_13","YANO_131-GMM-20-AN","yes","GTAAGGTTCCTCGCGTATCATCGAATTAAACCACATGTTCCTCCGCTTGTGCGGGCCCCCGTCAATTCCTTTGAGTTTCACCGTTGCCGGCGTACTCCCCAGGTGGATTACTTAACGCTTTCGCTGTAGAGCTTACTGTCTATCGCAAACTCCTAGTAATCATCGTTTACTGCGTGGACTACCAGGGTATCTAATCCTGTTTGATCCCCACGCTTTCGTGCTTCAGTGTCAGTTATGGTTTAGTAAGCTGCCTTCGCAATTGGAGTTCTGCGTGATATCTATGCATTTCACCGCTACACCACGCATTCCGCCTACCTCAAACACACTCAAGTTCCCCAGTTTCAACGGCAATTTTATGGTTAAGCCACAAACTTTCACCGCTGACTTAAAAAACAACCTACGCACCCTTTAAACCCAATAAATCCGGATAACGCTCGCATCCTCCGTATTACCGCGGCTGCTGGCACGGAGTTAGCCGATGCTTATTCATAGGGTACATACAAAAAGGGACACGTCCCTCACTTTATTCCCCTATAAAAGAAGTTTACAAACCATAGATCCTTCTTCCTTCACGCGACTTGGCTG",51.88,0,585,"Parabacteroides johnsonii (DSM 18315)","NR_041464.1",97.9,"Bacteroidota","Bacteroidia","Bacteroidales","Tannerellaceae","Parabacteroides","Parabacteroides johnsonii"
"YANO_131-M17-4-AN","2023_12_13","YANO_131-M17-4-AN","yes","GGCCTGGTAAGGTTCTTCGCGTTGCGTCGAATTAAACCACATACTCCACCGCTTGTGCGGGCCCCCGTCAATTCCTTTATGTTTCACACTTGCGTGCATACTCCACAGGCGGAATGCTTATCGCGTTAGTTTCGGCACCGGGTCGCCCCGATACCTAGCATTCATCGTTTACAGCGTGGACTACTAGGGTATCTAATCCTATTTGCTCCCCACGCTTTCGTGCCTCAGCGTCAGTCTCTGTCTAGGTAGCCGCCTTCGCCACCGGTGTTCCTCCATATATCTACGCATTTTACCGCTACACATGGAATTCCACTACCCTCTCCAGTACTCTAGCCTGCCAGTATCTATGGCTTTATGGGGTTGAGCCCCACGCTTTCACCATAAACTTAACAGGCCGCCTACGCACCCTTTACGCCCAATAATTCCGGATAACGCTCGCTACCTACGTATTACCGCGGCTGCTGGCACGTAGTTAGCCGTAGCTTTCTGGTAAGGTACCGTCACTCATCTATTCTCTAGATGCCGTTCTTCCCTTACAACAGAGCTTTACAATCCGAAGACCTTCATCACTCACGCGGCGTTGCT",52.76,0,585,"Lactimicrobium massiliense (Marseille-P4301)","NR_179667.1",95,"Bacillota","Erysipelotrichia","Erysipelotrichales","Erysipelotrichaceae","Lactimicrobium","Lactimicrobium massiliense"
"YANO_132-FAA-045-13-AN","2023_12_13","YANO_132-FAA-045-13-AN","yes","GGATGTCAAGCCTTGGTAAGGTTCTTCGCGTTGCTTCGAATTAAACCACATGCTCCGCTGCTTGTGCGGGCCCCCGTCAATTCCTTTGAGTTTCAACCTTGCGATCGTACTCCCCAGGCGGGATACTTAATGCGTTTGCTTCGGCACGGAACCCTATCGGGCCCCACACCTAGTATCCATCGTTTACGGCGTGGACTACCAGGGTATCTAATCCTGTTTGCTCCCCACGCTTTCGTGCCTCAGTGTCAGTTACAGTCCAGAAAGTCGCCTTCGCCACTGGTGTTCCTCCTAATATCTACGCATTTCACCGCTACACTAGGAATTCCACTTCCCTCTCCTGTACTCAAGCCACACAGTTTTAAGTGCCGCCCCGGGGTTAAGCCCCGGTCTTTCACACCTAACTTACATGGCCACCTACGCACCCTTTACGCCCAGTAATTCCGGACAACGCTTGCTCCCTACGTATTACCGCGGCTGCTGGCACGTAGTTAGCCGGAGCTTCCTCCTATGGTACCGTCATTTGTTTCGTCCCATAGGACAAAGGTTTACAATCCGAAGACCTTCTTCCCTCACGCGGCGTTGCTG",52.25,0,585,"Christensenella intestinihominis (AF73-05CM02)","NR_178955.1",98.5,"Bacillota","Clostridia","Christensenellales","Christensenellaceae","Christensenella","Christensenella intestinihominis"
"YANO_131-FCC-24C-AN","2023_12_13","YANO_131-FCC-24C-AN","yes","GTTCCTCGCGTATCATCGAATTAAACCACATGTTCCTCCGCTTGTGCGGGCCCCCGTCAATTCCTTTGAGTTTCACCGTTGCCGGCGTACTCCCCAGGTGGAATACTTAATGCTTTCGCTTGGCCGCTTACTGTATATCGCAAACAGCGAGTATTCATCGTTTACTGTGTGGACTACCAGGGTATCTAATCCTGTTTGATACCCACACTTTCGAGCATCAGTGTCAGTTGCAGTCCAGTGAGCTGCCTTCGCAATCGGAGTTCTTCGTGATATCTAAGCATTTCACCGCTACACCACGAATTCCGCCCACCTCTACTGTACTCAAGACTGACAGTATCAACTGCAATTTTACGGTTGAGCCGCAAACTTTCACAACTGACTTACCAGTCCACCTACGCTCCCTTTAAACCCAATAAATCCGGATAACGCTCGGATCCTCCGTATTACCGCGGCTGCTGGCACGGAGTTAGCCGATCCTTATTCATATAATACATACAAAACAGTATACATACTGCACTTTATTCTTATATAAAAGAAGTTTACGACCCATAGAGCCTTCATCCTTCACGCTACTTGGCTGGTT",52.67,0,583,"Bacteroides fragilis (ATCC 25285)","NR_074784.2",100,"Bacteroidota","Bacteroidia","Bacteroidales","Bacteroidaceae","Bacteroides","Bacteroides fragilis"
"YANO_131-FNBETOH-8C-AN","2023_12_13","YANO_131-FNBETOH-8C-AN","yes","GTCAAGACTTGGTAAGGTTCTTCGCGTTGCTTCGAATTAAACCACATGCTCCACCGCTTGTGCGGGTCCCCGTCAATTCCTTTGAGTTTCATTCTTGCGAACGTACTCCCCAGGTGGAATACTTATTGCGTTAGCGGCGGCACCGAAGAGCTTTGCTCCCCAACACCTAGTATTCATCGTTTACGGCGTGGACTACCAGGGTATCTAATCCTGTTTGCTCCCCACGCTTTCGAGCCTCAACGTCAGTTACAGTCCAGTAAGCCGCCTTCGCCACTGGTGTTCCTCCTAATATCTACGCATTTCACCGCTACACTAGGAATTCCACTTACCTCTCCTGCACTCTAGCACCACAGTTTCCAAAGCAGTCCCGGGGTTGAGCCCCGGGCTTTCACTCCAGACTTGCAGTGCCGTCTACGCTCCCTTTACACCCAGTAAATCCGGATAACGCTTGCCCCCTACGTATTACCGCGGCTGCTGGCACGTAGTTAGCCGGGGCTTCTTAGTCAGGTACCGTCATTTTCTTCCCTGCTGATAGAGCTTTACATACCGAAATACTTCTTCACTCACGCGGCGTCGCTGGA",51.22,0,581,"Clostridium geopurificans (MJ1)","NR_178356.1",100,"Bacillota","Clostridia","Eubacteriales","Clostridiaceae","Clostridium","Clostridium geopurificans"
"YANO_131-GMM-20-AN","2023_12_13","YANO_131-FLG-11-AN","no","CCTCGCGTATCATCGAATTAAACCACATGTTCCTCCGCTTGTGCGGGCCCCCGTCAATTCCTTTGAGTTTCACCGTTGCCGGCGTACTCCCCAGGTGGATTACTTAACGCTTTCGCTGTAGAGCTTACTGTCTATCGCAAACTCCTAGTAATCATCGTTTACTGCGTGGACTACCAGGGTATCTAATCCTGTTTGATCCCCACGCTTTCGTGCTTCAGTGTCAGTTATGGTTTAGTAAGCTGCCTTCGCAATTGGAGTTCTGCGTGATATCTATGCATTTCACCGCTACACCACGCATTCCGCCTACCTCAAACACACTCAAGTTCCCCAGTTTCAACGGCAATTTTATGGTTAAGCCACAAACTTTCACCGCTGACTTAAAAAACAACCTACGCACCCTTTAAACCCAATAAATCCGGATAACGCTCGCATCCTCCGTATTACCGCGGCTGCTGGCACGGAGTTAGCCGATGCTTATTCATAGGGTACATACAAAAAGGGACACGTCCCTCACTTTATTCCCCTATAAAAGAAGTTTACAAACCATAGATCCTTCTTCCTTCACGCGACTTGGCTG",52.63,0,577,"Parabacteroides johnsonii (DSM 18315)","NR_041464.1",97.9,"Bacteroidota","Bacteroidia","Bacteroidales","Tannerellaceae","Parabacteroides","Parabacteroides johnsonii"
"YANO_131-BBE-12-AN","2023_12_13","YANO_131-BBE-12-AN","yes","AGTCTAGGTAAGGTTCTTCGCGTTGCTTCGAATTAAACCACATGCTCCGCTGCTTGTGCGGGCCCCCGTCAATTCCTTTGAGTTTTAATCTTGCGACCGTACTCCCCAGGCGGAATACTTAATGCGTTAGCGGCGGCACAGAGGTCATGACAACCCCTACACCTAGTATTCATCGTTTACGGCGTGGACTACCAGGGTATCTAATCCTGTTTGCTCCCCACGCTTTCGAGCCTCAGCGTCAGTTACAGTCCAGAAAGTCGCCTTCGCCACCGGTGTTCTTCCTAATCTCTACGCATTTCACCGCTACACTAGGAATTCCACTTTCCCCTCCTGCACTCTAGACTCCCAGTTTGGAATGCAGCACCCAGGTTAAGCCCGGGTATTTCACATCCCACTTAAAAGTCCGCCTACGCTCCCTTTACGCCCAGTAAATCCGGACAACGCTTGCCACCTACGTATTACCGCGGCTGCTGGCACGTAGTTAGCCGTGGCTTCCTCCTTAGGTACCGTCATTATCGTCCCTAAAGACAGAGCTTTACAATCCGAAGACCGTCATCACTCACGCGGCGTTGCTGC",52.73,0,576,"Clostridium chartatabidum (DSM 5482)","NR_029239.3",98.6,"Bacillota","Clostridia","Eubacteriales","Clostridiaceae","Clostridium","Clostridium chartatabidum"
"YANO_132-FCCR-6C-AN","2023_12_13","YANO_132-FCCR-6C-AN","yes","GTAAGGTTCTTCGCGTTGCATCGAATTAATCCGCATGCTCCGCCGCTTGTGCGGGCCCCCGTCAATTTCTTTGAGTTTTAGCCTTGCGGCCGTACTCCCCAGGCGGGATGCTTAACGCGTTAGCTCCGACACGGAACCCGTGGAACGGGCCCCACATCCAGCATCCACCGTTTACGGCGTGGACTACCAGGGTATCTAATCCTGTTCGCTCCCCACGCTTTCGCTCCTCAGCGTCAGTAACGGCCCAGAGACCTGCCTTCGCCATTGGTGTTCTTCCCGATATCTACACATTCCACCGTTACACCGGGAATTCCAGTCTCCCCTACCGCACTCAAGCCCGCCCGTACCCGGCGCGGATCCACCGTTAAGCGATGGACTTTCACACCGGACGCGACGAACCGCCTACGAGCCCTTTACGCCCAATAATTCCGGATAACGCTTGCACCCTACGTATTACCGCGGCTGCTGGCACGTAGTTAGCCGGTGCTTATTCAACGGGTAAACTCACTCTCGCTTGCTCCCCGATAAAAGAGGTTTACAACCCGAAGGCCTCCATCCCTCACGCGGCGTCGCTGC",51.92,0,576,"Bifidobacterium longum (ATCC 15707)","NR_044691.2",100,"Actinomycetota","Actinomycetes","Bifidobacteriales","Bifidobacteriaceae","Bifidobacterium","Bifidobacterium longum"
"YANO_131-RMD-1-AER","2023_12_13","YANO_131-RMD-1-AER","yes","AAGGTTCTTCGCGTTGCTTCGAATTAAACCACATGCTCCACCGCTTGTGCGGGTCCCCGTCAATTCCTTTGAGTTTCAACCTTGCGGTCGTACTCCCCAGGCGGAGTGCTTAATGCGTTAGCTGCAGCACTAAGGGGCGGAAACCCCCTAACACTTAGCACTCATCGTTTACGGCGTGGACTACCAGGGTATCTAATCCTGTTTGATCCCCACGCTTTCGCACATCAGCGTCAGTTACAGACCAGAAAGTCGCCTTCGCCACTGGTGTTCCTCCATATCTCTGCGCATTTCACCGCTACACATGGAATTCCACTTTCCTCTTCTGCACTCAAGTTTTCCAGTTTCCAATGACCCTCCACGGTTGAGCCGTGGGCTTTCACATCAGACTTAAAAAACCGCCTACGCGCGCTTTACGCCCAATAATTCCGGATAACGCTTGCCACCTACGTATTACCGCGGCTGCTGGCACGTAGTTAGCCGTGGCTTTCTGATCAGGTACCGTCAAGATGTGCACAGTTACTTACACATTTGTTCTTCCCTGATAACAGAGTTTTACGATCCGAAGACCTTCATC",49.62,0,574,"Staphylococcus warneri (ATCC 27836)","NR_025922.1",100,"Bacillota","Bacilli","Bacillales","Staphylococcaceae","Staphylococcus","Staphylococcus warneri"
"YANO_131-YCFA-10-AN","2023_12_13","YANO_131-YCFA-10-AN","yes","GGTAAGGTTCTTCGCGTTGCTTCGAATTAAACCACATGCTCCGCTGCTTGTGCGGGCCCCCGTCAATTCCTTTGAGTTTTAATCTTGCGACCGTACTCCCCAGGCGGAATACTTAATGCGTTAGCGGCGGCACAGAGGTCATGACAACCCCTACACCTAGTATTCATCGTTTACGGCGTGGACTACCAGGGTATCTAATCCTGTTTGCTCCCCACGCTTTCGAGCCTCAGCGTCAGTTACAGTCCAGAGAGTCGCCTTCGCCACTGGTGTTCTTCCTAATCTCTACGCATTTCACCGCTACACTAGGAATTCCACTCTCCTCTCCTGCACTCTAGACTTCCAGTTTGAAATGCAGCCCCCAGGTTGAGCCTGGGTATTTCACATCTCACTTAAAAGTCCGCCTACGCTCCCTTTACGCCCAGTAAATCCGGACAACGCTCGCCACCTACGTATTACCGCGGCTGCTGGCACGTAGTTAGCCGTGGCTTCCTCCTCAGGTACCGTCATTATCGTCCCTGAAGACAGAGCTTTACGATCCGAAGACCTTCATCACTCACGCGGCGTTGCTGCAT",52.76,0,572,"Clostridium carnis (ATCC 25777)","NR_044716.2",99.1,"Bacillota","Clostridia","Eubacteriales","Clostridiaceae","Clostridium","Clostridium carnis"
"YANO_131-BBE-5-AN","2023_12_13","YANO_131-BBE-5-AN","yes","TAAGGTTCTTCGCGTTGCTTCGAATTAAACCACATGCTCCGCTGCTTGTGCGGGCCCCCGTCAATTCCTTTGAGTTTTAATCTTGCGACCGTACTCCCCAGGCGGAATACTTAATGCGTTAGCGGCGGCACAGAGGTCATGACAACCCCTACACCTAGTATTCATCGTTTACGGCGTGGACTACCAGGGTATCTAATCCTGTTTGCTCCCCACGCTTTCGAGCCTCAGCGTCAGTTACAGTCCAGAGAAGCGCCTTCGCCACTGGTGTTCTTCCTAATCTCTACGCATTTCACCGCTACACTAGGAATTCCCTTCTCCTCTCCTGCACTCTAGACTTCCAGTTTGAAATGCAGCACTCAGGTTAAGCCCGAGTATTTCACATCTCACTTAAAAATCCGCCTACGCTCCCTTTACGCCCAGTAAATCCGGACAACGCTCGCCACCTACGTATTACCGCGGCTGCTGGCACGTAGTTAGCCGTGGCTTCCTCCTCAGGTACCGTCATTATCGTCCCTGAAGACAGAGCTTTACAACCCGAAGGCCGTCATCACTCACGCGGCGTTGCTGCAT",52.52,0,570,"Clostridium jeddahitimonense (CL-2)","NR_179391.1",98.8,"Bacillota","Clostridia","Eubacteriales","Clostridiaceae","Clostridium","Clostridium jeddahitimonense"
"YANO_131-COLB-1-AER","2023_12_13","YANO_131-COLB-1-AER","yes","AATTAAACCACATGCTCCACCGCTTGTGCGGGCCCCCGTCAATTCATTTGAGTTTTAACCTTGCGGCCGTACTCCCCAGGCGGTCGACTTAACGCGTTAGCTCCGGAAGCCACGCCTCAAGGGCACAACCTCCAAGTCGACATCGTTTACGGCGTGGACTACCAGGGTATCTAATCCTGTTTGCTCCCCACGCTTTCGCACCTGAGCGTCAGTCTTCGTCCAGGGGGCCGCCTTCGCCACCGGTATTCCTCCAGATCTCTACGCATTTCACCGCTACACCTGGAATTCTACCCCCCTCTACGAGACTCAAGCTTGCCAGTATCAGATGCAGTTCCCAGGTTGAGCCCGGGGATTTCACATCTGACTTAACAAACCGCCTGCGTGCGCTTTACGCCCAGTAATTCCGATTAACGCTTGCACCCTCCGTATTACCGCGGCTGCTGGCACGGAGTTAGCCGGTGCTTCTTCTGCGGGTAACGTCAATGAGCAAAGGTATTAACTTTACTCCCTTCCTCCCCGCTGAAAGTACTTTACAACCCGAAGGCCTTCTTCATACACGCGGCATGTCTG",50.49,0,570,"Escherichia fergusonii (NBRC 102419)","NR_114079.1",99.8,"Pseudomonadota","Gammaproteobacteria","Enterobacterales","Enterobacteriaceae","Escherichia","Escherichia fergusonii"
"YANO_131-COLB17-C-AN","2023_12_13","YANO_131-COLB17-C-AN","yes","GGTAAGGTTCTTCGGTTTGCATCGAATTAAACCACGTGCTCCACCGCTTGTGCGGGCCCCCGTCAATTCCTTTGAGTTTCAGTCTTGCGACCGTAGTCCCCAGGCGGGATACTTAACGCGTTAACTACGGCACGGAACAACTGCTTGCCCCACACCCAGTATCCATCGTTTACGGCCAGGACTACCGGGGTATCTAATCCCGTTCGCTGCCCTGGCTTTCGCACATGAGCGTCAGTTGTGTGCCAGGAAGCCGCCTTCGCCACTGGTGTTCCTCCCGATATCTACGCATTTCACCGCTACACCGGGAATTCCACTTCCCTCTCACATACTCTAGGCCGCCAGTATCTATCGTAGAACGGTGGTTGAGCCACCGCCTTTGACGACAGACTTAACTGCCCGCCTGCGTGCGCTTTACGCCCAGTAATTCCGAACAACGCTCGCCCCCTACGTATTACCGCGGCTGCTGGCACGTAGTTTGCCGGGGCTTCCTCGTGTGGTACCGTCATTATCTTCCCACACAACAGAGCTTTACATCCCGAGGGATTTCTTCACTCACGCGGCGTCGCTGG",52.52,0,569,"Cloacibacillus porcorum (CCUG 62631)","NR_109636.1",97.5,"Synergistota","Synergistia","Synergistales","Synergistaceae","Cloacibacillus","Cloacibacillus porcorum"
"YANO_131-FAA-6520M-3-AN","2023_12_13","YANO_131-FAA-6520M-3-AN","yes","TAAGGTTCTTCGCGTTGCTTCGAATTAAACCACATGCTCCGCTGCTTGTGCGGGTCCCCGTCAATTCCTTTGAGTTTTAATCTTGCGACCGTACTCCCCAGGCGGAATACTTAATGCGTTAGCGGCGGCACAGAGGCTTGGGGCCCCTACACCTAGTATTCATCGTTTACGGCGTGGACTACCAGGGTATCTAATCCTGTTTGCTCCCCACGCTTTCGAGCCTCAGCGTCAGTTACAGTCCAGAGAATCGCCTTCGCCACTGGTGTTCTTCCTAATCTCTACGCATTTCACCGCTACACTAGGAATTCCATTCTCCTCTCCTGCACTCTAGATATCCAGTTTGGAATGCAGCTCCCAAGTTAAGCTCGGGTATTTCACATCCCACTTAAATATCCGCCTACGCTCCCTTTACGCCCAGTAAATCCGGATAACGCTTGCCACCTACGTATTACCGCGGCTGCTGGCACGTAGTTAGCCGTGGCTTCCTCCTTAGGTACCGTCATTATCGTCCCTAAAGACAGAGCTTTACAATCCGAAGACCTTCATCACTCACGCGGCGTTGCTGCAT",52.7,0,568,"Sarcina ventriculi (DSM 286)","NR_026146.1",99.8,"Bacillota","Clostridia","Eubacteriales","Clostridiaceae","Sarcina","Sarcina ventriculi"
"YANO_131-FNB8520M-2-AER","2023_12_13","YANO_131-FAA-BRF2W-4-AN","no","AAGACCTGGTAAGGTTCTTCGCGTTGCTTCGAATTAAACCACATGCTCCACCGCTTGTGCGGGCCCCCGTCAATTCCTTTGAGTTTCAACCTTGCGGTCGTACTCCCCAGGCGGAGTGCTTAATGCGTTAGCTGCAGCACTGAAGGGCGGAAACCCTCCAACACTTAGCACTCATCGTTTACGGCGTGGACTACCAGGGTATCTAATCCTGTTTGCTCCCCACGCTTTCGAGCCTCAGCGTCAGTTACAGACCAGAGAGCCGCCTTCGCCACTGGTGTTCCTCCATATATCTACGCATTTCACCGCTACACATGGAATTCCACTCTCCTCTTCTGCACTCAAGTCTCCCAGTTTCCAATGACCCTCCCCGGTTGAGCCGGGGGCTTTCACATCAGACTTAAGAAACCGCCTGCGCTCGCTTTACGCCCAATAAATCCGGACAACGCTTGCCACCTACGTATTACCGCGGCTGCTGGCACGTAGTTAGCCGTGGCTTTCTGGTTAGATACCGTCAAGGGATGAACAGTTACTCTCATCCTTGTTCTTCTCTAACAACAGAGTTTTACGA",49.46,0,568,"Enterococcus faecium (ATCC 19434)","NR_115764.1",100,"Bacillota","Bacilli","Lactobacillales","Enterococcaceae","Enterococcus","Enterococcus faecium"
"YANO_132-FAA6520M-21-C-AN","2023_12_13","YANO_132-FAA6520M-21-C-AN","yes","CTCTGTACCGGCAGTATGTCAAACCCAGGTAAGGTTCTTCGGTTTGCATCGAATTAAACCACGTGCTCCACCGCTTGTGCGGGCCCCCGTCAATTCCTTTGAGTTTCAGTCTTGCGACCGTAGTCCCCAGGCGGGATACTTAACGCGTTAACTACGGCACGGAACAACTGCTTGCCCCACACCCAGTATCCATCGTTTACGGCCAGGACTACCGGGGTATCTAATCCCGTTCGCTGCCCTGGCTTTCGCACATGAGCGTCAGTCGTGTGCCAGGAAGCCGCCTTCGCCACTGGTGTTCCTCCCGATATCTACGCATTTCACCGCTACACCGGGAATTCCACTTCCCTCTCACATACTCTAGACCCCCAGTATCTATCGCAGCCCGGTGGTTGAGCCACCGTCTTTCTCAATAGACTTAACGGCCAGCCTGCGTGCGCTTTACGCCCAGTAATTCCGAACAACGCTCGCCCCCTACGTATTACCGCGGCTGCTGGCACGTAGTTTGCCGGGGCTTTCTCGTGTGGTACCGTCATTATCTTCCCACACAACAGAGCTTTACATCCCGAGG",52.13,0,568,"Cloacibacillus porcorum (CCUG 62631)","NR_109636.1",95.4,"Synergistota","Synergistia","Synergistales","Synergistaceae","Cloacibacillus","Cloacibacillus porcorum"
"YANO_131-MTM-1-AN","2023_12_13","YANO_131-MTM-1-AN","yes","CGCGTTGCTTCGAATTAAACCACATGCTCCACCGCTTGTGCGGGCCCCCGTCAATTCCTTTGAGTTTCAGTCTTGCGACCGTACTCCCCAGGCGGAGTGCTTAATGCGTTAGCTGCAGCACTGAAGGGCGGAAACCCTCCAACACTTAGCACTCATCGTTTACGGCGTGGACTACCAGGGTATCTAATCCTGTTTGCTACCCACGCTTTCGAACCTCAGCGTCAGTTACAGACCAGAGAGCCGCTTTCGCCACTGGTGTTCTTCCATATATCTACGCATTCCACCGCTACACATGGAGTTCCACTCTCCTCTTCTGCACTCAAGTCTTCCAGTTTCCAATGCACTACTCCGGTTAAGCCGAAGGCTTTCACATCAGACTTAAAAGACCGCCTGCGTTCCCTTTACGCCCAATAAATCCGGACAACGCTTGCCACCTACGTATTACCGCGGCTGCTGGCACGTAGTTAGCCGTGGCTTTCTGGTCAGATACCGTCAATACACGAACAGTTACTCTCGCGCATGTTCTTCTCTGACAACAGAATTTTACGACCCGAAGGCCTTCTTCAT",50.23,0,567,"Ligilactobacillus ruminis (NBRC 102161)","NR_041611.1",98.8,"Bacillota","Bacilli","Lactobacillales","Lactobacillaceae","Ligilactobacillus","Ligilactobacillus ruminis"
"YANO_131-FNB-8520M-6-AN","2023_12_13","YANO_131-FNB-8520M-8-AN","no","GGATGTCAAGACCTGGTAAGGTTCTTCGCGTTGCTTCGAATTAAACCACATACTCCACTGCTTGTGCGGGCCCCCGTCAATTCCTTTGAGTTTCAACCTTGCGGCCGTACTCCCCAGGTGGGATACTTATTGTGTTAACTGCGGCACGGAAGGGGTCAATACCTCCCACACCTAGTATCCATCGTTTACGGCGTGGACTACCAGGGTATCTAATCCTGTTTGCTCCCCACGCTTTCGCGCCTCAGCGTCAGTTAATGTCCAGCAGGCCGCCTTCGCCACTGGTGTTCCTCCGTATATCTACGCATTTCACCGCTACACACGGAATTCCGCCTGCCTCTCCATCACTCAAGACCAGCAGTTTTGAAAGCAGTTTATGGGTTAAGCCCATAGATTTCACTTCCAACTTGCCGGCCCGCCTGCGCGCCCTTTACACCCAGTAAATCCGGATAACGCTTGCTCCCTACGTATTACCGCGGCTGCTGGCACGTAGTTAGCCGGAGCTTATTCTTCAGGTACCGTCATTTTTTTCGTCCCTGATTAAAGATCTTTACAACCCGAAGGCCTTC",51.77,0,566,"Butyricicoccus faecihominis (KS-2)","NR_152060.1",100,"Bacillota","Clostridia","Eubacteriales","Butyricicoccaceae","Butyricicoccus","Butyricicoccus faecihominis"
"YANO_132-FNB-5-C-AN","2023_12_13","YANO_132-FNB-5-C-AN","yes","GGTTCTTCGCGTTGCTTCGAATTAAACCACATGCTCCACCGCTTGTGCGGGTCCCCGTCAATTCCTTTGAGTTTCATTCTTGCGAACGTACTCCCCAGGTGGACTACTTATTGCGTTGGCTGCGGCACCGAATAGCTCTGCTACCCGACACCTAGTAGTCATCGTTTACGGCGTGGACTACCAGGGTATCTAATCCTGTTTGCTCCCCACGCTTTCGAGCCTCAACGTCAGTCATCGTCCAGCAAGCCGCCTTCGCCACTGGTGTTCCTCCTAATATCTACGCATTTCACCGCTACACTAGGAATTCCACTTGCCTCTCCGACACTCTAGTTCGACAGTTTCCAATGCAGTCCCAGGGTTGAGCCCTGGCCTTTCACATCANACTTGCCATACCGTCTACGCTCCCTTTACACCCAGTAAATCCGGATAACGCTTGCCCCCTACGTATTACCGCGGCTGCTGGCACGTAGTTAGCCGGGGCTTCTTAGTCAGGTACCGTCATTTTCTTCCCTGCTGATAGAAGTTTACATACCGAAATACTTCATCCTTCACGCGGCGTCGCTGCA",49.91,1,566,"Corynebacterium dentalis (Marseille-P4122)","NR_179631.1",100,"Actinomycetota","Actinomycetes","Mycobacteriales","Corynebacteriaceae","Corynebacterium","Corynebacterium dentalis"
"YANO_132-GAM-17-AN","2023_12_13","YANO_132-GAM-17-AN","yes","AAGCGCTGGTAAGGTTCTTCGCGTTGCTTCGAATTAAGCCACATGCTCCGCTGCTTGTGCGGGCCCCCGTCAATTCCTTTGAGTTTTAGCCTTGCGGCCGTACTCCCCAGGCGGGACGCTTAATGCGTTGGCTGCGGCACGGAGGGCATCTCCCCCCACACCTAGCGTCCATCGTTTACGGCTGGGACTACCAGGGTATCTAATCCTGTTCGCTCCCCCAGCTTTCGCTCCTCAGCGTCAGTCGAGGCCCAGAAGGCCGCCTTCGCCACCGGTGTTCTTCCAGATATCTGCGCATTCCACCGCTACACCTGGAATTCCGCCTTCCCCTACCCGACTCAAGCCCGCCGGTATCCGGGGCGTGCGGGGGTTGAGCCCCCGGATTTGACCCCGGACCTAGCGGGCAGCCTACGAGCGCTTTACGCCCAATGAATCCGGATAACGCTCGCCCCCTACGTATTACCGCGGCTGCTGGCACGTAGTTAGCCGGGGCTTCTTCTGCAGGTACCGTCACCTCGCGGCCTCGTCCCTGCTGAAAGCGGTTTACGACCCGAAGGCCTTCGTCCCGC",50.51,0,566,"Paratractidigestivibacter faecalis (KGMB04489)","NR_173689.1",99.6,"Actinomycetota","Coriobacteriia","Coriobacteriales","Atopobiaceae","Paratractidigestivibacter","Paratractidigestivibacter faecalis"
"YANO_132-MRS-3C-AN","2023_12_13","YANO_132-MRS-3C-AN","yes","GGTTCTTCGCGTTGCTTCGAATTAAACCACATGCTCCACCGCTTGTGCGGGTCCCCGTCAATTCCTTTGAGTTTCATTCTTGCGAACGTACTCCCCAGGTGGACTGCTTATTGCGTTAGCTGCGGCACCGAATAGCTTTGCTACCCGACACCTAGCAGTCATCGTTTACGGCGTGGACTACCAGGGTATCTAATCCTGTTTGCTCCCCACGCTTTCGAGCCTCAACGTCAGTCATCGTCCAGTAAGCCGCCTTCGCCACTGGTGTTCCTCCTAATATCTACGCATTTCACCGCTACACTAGGAATTCCACTTACCTCTCCGACACTCTAGCTGCACAGTTTCCAAAGCAGTCCACAGGTTGAGCCCATGCCTTTCACTTCAGACTTGCACAGCCGTCTACGCTCCCTTTACACCCAGTAAATCCGGATAACGCTTGCCCCCTACGTATTACCGCGGCTGCTGGCACGTAGTTAGCCGGGGCTTCTTAGTCAGGTACCGTCATTTTCTTCCCTGCTGATAGAAGTTTACATACCGAAATACTTCATCCTTCACGCGGCGTCGCTGCA",51.39,0,566,"Dorea phocaeensis (Marseille-P4003)","NR_179638.1",100,"Bacillota","Clostridia","Lachnospirales","Lachnospiraceae","Dorea","Dorea phocaeensis"
"YANO_132-M17-7C-AN","2023_12_13","YANO_132-M17-7C-AN","yes","AGGTTCTTCGCGTTGCTTCGAATTAAACCACATGCTCCACCGCTTGTGCGGGTCCCCGTCAATTCCTTTGAGTTTCATTCTTGCGAACGTACTCCCCAGGTGGAATACTTAATGCGTTTGCGGCGGCACCGAAGAGCTGTGCTCCCCGACACCTAGTATTCATCGTTTACGGCGTGGACTACCAGGGTATCTAATCCTGTTTGCTCCCCACGCTTTCGAGCCTCAACGTCAGTTACCGTCCAGTAAGCCGCCTTCGCCACTGGTGTTCCTCCTAATATCTACGCATTTCACCGCTACACTAGGAATTCCGCTTACCCCTCCGGCACTCAAGCTTAACAGTTTCCAATGCAGTCCCGGGGTTAAGCCCCAGCCTTTCACATCAGACTTGTTATGCCGTCTACGCTCCCTTTACACCCAGTAAATCCGGATAACGCTTGCCCCCTACGTATTACCGCGGCTGCTGGCACGTAGTTAGCCGGGGCTTCTTAGTCAGGTACCGTCATTTTCTTCCCTGCTGATAGAAGTTTACATACCGAGATACTTCTTCCTTCACGCGGCGTCGCTG",51.09,0,565,"Blautia phocaeensis (Marseille-P3441)","NR_179584.1",98.2,"Bacillota","Clostridia","Lachnospirales","Lachnospiraceae","Blautia","Blautia phocaeensis"
"YANO_132-FNB-651H-2-AER","2023_12_13","YANO_131-FAA-BLG-2W-7-C-AN","no","AGGTTCTTCGCGTTGCTTCGAATTAAACCACATGCTCCACCGCTTGTGCGGGTCCCCGTCAATTCCTTTGAGTTTCAACCTTGCGGTCGTACTCCCCAGGCGGAGTGCTTAATGCGTTAGCTGCAGCACTAAGGGGCGGAAACCCCCTAACACTTAGCACTCATCGTTTACGGCGTGGACTACCAGGGTATCTAATCCTGTTTGATCCCCACGCTTTCGCACATCAGCGTCAGTTACAGACCAGAAAGTCGCCTTCGCCACTGGTGTTCCTCCATATCTCTGCGCATTTCACCGCTACACATGGAATTCCACTTTCCTCTTCTGCACTCAAGTTTTCCAGTTTCCAATGACCCTCCACGGTTGAGCCGTGGGCTTTCACATCAGACTTAAAAAACCGCCTACGCGCGCTTTACGCCCAATAATTCCGGATAACGCTTGCCACCTACGTATTACCGCGGCTGCTGGCACGTAGTTAGCCGTGGCTTTCTGATTAGGTACCGNCAAGACGTGCATAGTTACTTACACATTTGTTCTTCCCTAATAACAGAGTTTTACGATCCGAAG",49.97,1,564,"Staphylococcus caprae (DSM 20608)","NR_119252.1",100,"Bacillota","Bacilli","Bacillales","Staphylococcaceae","Staphylococcus","Staphylococcus caprae"
"YANO_131-MTM-1-AN","2023_12_13","YANO_131-MB-3-AN","no","ACATGCTCCACCGCTTGTGCGGGCCCCCGTCAATTCCTTTGAGTTTCAGTCTTGCGACCGTACTCCCCAGGCGGAGTGCTTAATGCGTTAGCTGCAGCACTGAAGGGCGGAAACCCTCCAACACTTAGCACTCATCGTTTACGGCGTGGACTACCAGGGTATCTAATCCTGTTTGCTACCCACGCTTTCGAACCTCAGCGTCAGTTACAGACCAGAGAGCCGCTTTCGCCACTGGTGTTCTTCCATATATCTACGCATTCCACCGCTACACATGGAGTTCCACTCTCCTCTTCTGCACTCAAGTCTTCCAGTTTCCAATGCACTACTCCGGTTAAGCCGAAGGCTTTCACATCAGACTTAAAAGACCGCCTGCGTTCCCTTTACGCCCAATAAATCCGGACAACGCTTGCCACCTACGTATTACCGCGGCTGCTGGCACGTAGTTAGCCGTGGCTTTCTGGTCAGATACCGTCAATACACGAACAGTTACTCTCGCGCATGTTCTTCTCTGACAACAGAATTTTACGACCCGAAGGCCTTCTTCATTCACGCGGCGTTGCTCCA",48.04,0,564,"Ligilactobacillus ruminis (NBRC 102161)","NR_041611.1",98.8,"Bacillota","Bacilli","Lactobacillales","Lactobacillaceae","Ligilactobacillus","Ligilactobacillus ruminis"
"YANO_132-FAA-6520M-8-AN","2023_12_13","YANO_132-FAA-6520M-8-AN","yes","TGGTAAGGTTCTTCGCGTTGCTTCGAATTAAACCACATACTCCACTGCTTGTGCGGGCCCCCGTCAATTCCTTTGAGTTTCAACCTTGCGGCCGTACTCCCCAGGTGGATTACTTATTGTGTTAACTCCGGCACGGAAGGGGTCGATACCTCCCACACCTAGTAATCATCGTTTACGGCGTGGACTACCAGGGTATCTAATCCTGTTTGCTACCCACGCTTTCGCGCCTCAACGTCAGTTACAGTCCAGAAAGCCGCCTTCGCCACTGGTGTTCCTCCTAATATCTACGCATTTCACCGCTACACTAGGAATTCCGCTTCCCTCTCCTGCACTCAAGACTTGCAGTTTCAAATGCAGCCCCGGAGTTAAGCTCCGGTATTTCACATCTGACTTACATGCCCGTCTACGCGCCCTTTACACCCAGTAATTCCGGACAACGCTCGCCACCTACGTATTACCGCGGCTGCTGGCACGTAGTTAGCCGTGGCTTCCTCCGGAGGTACCGTCATTCTTCGTCCCTCCAGACAAAAGTTTACGACCCGAAAGCCTTCTTCCTTCACGCGG",50.81,0,564,"Congzhengia minquanensis (H8)","NR_181389.1",95.9,"Bacillota","Clostridia","Eubacteriales","Oscillospiraceae","Congzhengia","Congzhengia minquanensis"
"YANO_131-MRS-6-C-AN","2023_12_13","YANO_131-MRS-6-C-AN","yes","TCGCGTTGCTTCGAATTAAACCACATGCTCCACCGCTTGTGCGGGTCCCCGTCAATTCCTTTGAGTTTCATTCTTGCGAACGTACTCCCCAGGTGGACTACTTATTGCGTTTGCTGCGGCACCGAAGAGCTTTGCTCCCCGACACCTAGTAGTCATCGTTTACGGCGTGGACTACCAGGGTATCTAATCCTGTTTGCTCCCCACGCTTTCGAGCCTCAACGTCAGTCATCGTCCAGTAAGCCGCCTTCGCCACTGGTGTTCCTCCCAATATCTACGCATTTCACCGCTACACTGGGAATTCCACTTACCTCTCCGACACTCTAGCTGCATAGTTTCCAAAGCAGTCCCGGGGTTGAGCCCCGGGCTTTCACTTCANACTTACACAGCCGTCTACGCTCCCTTTACACCCAGTAAATCCGGATAACGCTTGCACCATACGTATTACCGCGGCTGCTGGCACGTATTTAGCCGGTGCTTCTTAGTCAGGTACCGTCATTTTCTTCCCTGCTGATAGAGCTTTACATACCGAAATACTTCTTCGCTCACGCGGCGTCGCTGC",51.85,1,559,"Coprococcus comes (ATCC 27758)","NR_044048.1",100,"Bacillota","Clostridia","Lachnospirales","Lachnospiraceae","Coprococcus","Coprococcus comes"
"YANO_131-FAA-15-AN","2023_12_13","YANO_131-FAA-15-AN","yes","GCCCTGGTAAGGTTCTTCGCGTTGCTTCGAATTAAGCCACATGCTCCGCTGCTTGTGCGGGCCCCCGTCAATTCCTTTGAGTTTTAGCCTTGCGGCCGTACTCCCCAGGCGGGACGCTTAATGCGTTGGCTGCGGCACGGAGGGATCGTCCCCCCACACCTAGCGTCCATCGTTTACGGCTGGGACTACCAGGGTATCTAATCCTGTTCGCTCCCCCAGCTTTCGCGCCTCAGCGTCGGTCACGGCCCAGAGGGCCGCCTTCGCCACCGGTGTTCCACCCGATATCTGCGCATTCCACCGCTACACCGGGTGTTCCACCCTCCCCTACCGGACCCAAGCCCGGAGGTTCCGGGGGCGGGCGGGGGTTGAGCCCCCGCATTTGACCCCCGGCCTGCCAGGCCGCCTACGCGCGCTTTACGCCCAATGAATCCGGATAACGCTCGCCCCCTACGTATTACCGCGGCTGCTGGCACGTAGTTAGCCGGGGCTTCTTCTGCAGGTACAGTCTTGTCTCTTCCCTGCTGAAAGCGGTTTACGACCCGAAGGCCTCCATCCCG",51.36,0,557,"Collinsella bouchesdurhonensis (Marseille-P3296)","NR_147379.1",99.6,"Actinomycetota","Coriobacteriia","Coriobacteriales","Coriobacteriaceae","Collinsella","Collinsella bouchesdurhonensis"
"YANO_132-FNBU-3C-AN","2023_12_13","YANO_132-FNBU-3C-AN","yes","GAAGGATGTCAAGACCTGGTAAGGTTCTTCGCGTTGCTTCGAATTAAACCACATGCTCCACCGCTTGTGCGGGTCCCCGTCAATTCCTTTGAGTTTCATTCTTGCGAACGTACTCCCCAGGTGGAATACTTACTGCGTTTGCGGCGGCACCGAAGCCTATACGGCCCCGACACCTAGTATTCATCGTTTACGGCGTGGACTACCAGGGTATCTAATCCTGTTTGCTCCCCACGCTTTCGTGCCTCAGTGTCAGTAACAGTCCAGCAAGCCGCCTTCGCCACTGGTGTTCCTCCTAATATCTACGCATTTCACCGCTACACTAGGAATTCCGCTTGCCTCTCCTGTACTCTAGCTATGCAGTTTCAAATGCAGCTCCGGGGTTGAGCCCCGGCCTTTCACATCTGACTTGCACTGCCACCTACGCACCCTTTACACCCAGTAAATCCGGATAACGCTTGCTCCATACGTATTACCGCGGCTGCTGGCACGTATTTAGCCGGAGCTTCTTAGTCAGGTACCGTCATTATCTTCCCTGCTGATAGAGCTTTACAT",39.86,0,552,"Anaerobutyricum hallii (ATCC 27751)","NR_118673.1",99.5,"Bacillota","Clostridia","Lachnospirales","Lachnospiraceae","Anaerobutyricum","Anaerobutyricum hallii"
"YANO_131-COL-5C-AN","2023_12_13","YANO_131-COL-5C-AN","yes","TTCGAATTAAACCACATGCTCCACCGCTTGTGCGGGCCCCCGTCAATTCCTTTGAGTTTCAACCTTGCGGTCGTACTCCCCAGGTGGAGTGCTTATTGCGTTAGCTGCGGCACCGAGGATTCCTCCCCGACACCTAGCACTCATCGTTTACGGCGTGGACTACCAGGGTATCTAATCCTGTTTGCTCCCCACGCTTTCGAGCCTCAGCGTCAGTTTCAGTCCAGAAAGCCGCCTTCGCCACTGGTGTTCTTCCTAATATCTACGCATTTCACCGCTACACTAGGAATTCCGCTTTCCTCTCCTGTACTCTAGCTCGCCAGTTCCAAATGCAATCCGCGAGGTTAAGCCTCGGGCTTTCACATCTGGCTTGGCGTGCCGCCTACGCTCCCTTTACACCCAGTAATTCCGGATAACGCTTGCCCCCTACGTATTACCGCGGCTGCTGGCACGTAGTTAGCCGGGGCTTCTTATTCAGGTACCGTCACTTTCTTCGTCCCTGTTGATAGAAGTTTACGATCCGAAAACCTTCATCCTT",50.86,0,535,"Anaerotignum faecicola (KGMB03357)","NR_165727.1",99.4,"Bacillota","Clostridia","Lachnospirales","Anaerotignaceae","Anaerotignum","Anaerotignum faecicola"
"YANO_131-COLB-14-AN","2023_12_13","YANO_131-COLB-14-AN","yes","AATTAAGCCACATGCTCCGCTGCTTGTGCGGGCCCCCGTCAATTCCTTTGAGTTTTAGCCTTGCGGCCGTACTCCCCAGGCGGGACGCTTAATGCGTTGGCTGCGGCACGGAGGGATCGTCCCCCCACACCTAGCGTCCATCGTTTACGGCTGGGACTACCAGGGTATCTAATCCTGTTCGCTCCCCCAGCTTTCGCGCCTCAGCGTCAGTCGTGGCCCAGAGGGCCGCCTTCGCCACCGGTGTTCTTCCCAATATCTGCGCATTCCACCGCTACACTGGGAATTCCACCCTCCCCTGCCAGACTCAAGCCTCGGGGTTCCGGGAGCGGGCGGGGGTTGAGCCCCCGGATTTGACTCCCGGCCTACGAGGCCGCCTACGCGCGCTTTACGCCCAATGAATCCGGATAACGCTCGCCCCATACGTATTACCGCGGCTGCTGGCACGTATTTAGCCGGGGCTTCTTCTGCAGGTACCGTCACCTTTCGGCCTCTTCCCTGCTGAAAGCGGTTTACGACCCGAGGGCCTTCGTC",52.2,0,531,"Parolsenella massiliensis (Marseille-P3237)","NR_156812.1",97.9,"Actinomycetota","Coriobacteriia","Coriobacteriales","Atopobiaceae","Parolsenella","Parolsenella massiliensis"
"YANO_131-GMM-11-C-AN-a","2023_12_13","YANO_131-GMM-11-C-AN-a","yes","TTCCTCCGCTTGTGCGGGCCCCCGTCAATTCCTTTGANTANCACCGTTGCCGGCGTACTCCCCAGGTGGAATACTTAATGCTTTCGCTTGGCCGCTTACTGTATATCGCAAACAGCGAGTATTCATCGTTTACTGTGTGGACTACCAGGGTATCTAATCCTGTTTGATACCCACACTTTCGAGCATCAGCGTCAGTTACACTCCAGTGAGCTGCCTTCGCAATCGGAGTTCTTCGTGATATCTAAGCATTTCACCGCTACACCACGAATTCCGCCCACCTCTACTGCACTCAAGACTGCCAGTATCAACTGCAATTTTACGGTTGAGCCGCAAACTTTCACAACTGACTTAACAATCCGCCTACGCTCCCTTTAAACCCAATAAATCCGGATAACGCTCGGATCCTCCGTATTACCGCGGCTGCTGGCACGGAGTTAGCCGATCCTTATTCATATGGNACATACAAAAATCCACACGTGGACCACGTTNATTCCCATATAAN",45.65,5,502,"Bacteroides caccae (JCM 9498)","NR_112932.1",99.4,"Bacteroidota","Bacteroidia","Bacteroidales","Bacteroidaceae","Bacteroides","Bacteroides caccae"
"YANO_131-GMM-11-C-AN-c","2023_12_13","YANO_131-GMM-11-C-AN-c","yes","TCAATTCCTTTGAGTTTCACTCTTGCGAGCGTACTTCCCAGGCGGAGTACTTAATGCGTTAGCTGCGGCACCGAGGGGGGTAACCCCCGACACCTAGTACTCATCGTTTACGGCGTGGACTACCAGGGTATCTAATCCTGTTTGCTCCCCACGCTTTCGTGCCTCAGTGTCAGTTACAGTCCAGAGAGCCGCCTTCGCTACTGGTATTCCTCCTAATATCTACGCATTTCACCGCTACACTAGGAATTCTACTCTCCTCTCCTGCACTCAAGTTCTCTAGTTTCAAAAGCTTACTACGGTTGAGCCGTAGCCTTTCACTTCTGACTTAAAAAACCACCTACGCACCCTTTACGCCCAGTAATTCCGGATAACGCTAGCCCCCTACGTATTACCGCGGCTGCTGGCACGTAGTTAGCCGGGGCTTCCTCCTCAAGTACCGTCATTATCTTCCTTGAGGACAGAGCTTTACGACCCGAAGGCCTTCATCGCTCACGCGGC",49.48,0,498,"Paraclostridium dentum (SKVG24)","NR_179687.1",100,"Bacillota","Clostridia","Peptostreptococcales","Peptostreptococcaceae","Paraclostridium","Paraclostridium dentum"
"YANO_131-MTM-16C-AN","2023_12_13","YANO_131-MTM-16C-AN","yes","CATGCTCCGCCGCTTGTGCGGGCCCCCGTCAATTTCTTTGAGTTTTAGCCTTGCGGCCGTACTCCCCAGGCGGGATGCTTAACGCGTTGGCTCCGACACAGGACCCGTGGAAAGGGCCCCACATCCAGCATCCACCGTTTACGGCGTGGACTACCAGGGTATCTAATCCTGTTCGCTCCCCACGCTTTCGCTCCTCAGCGTCAGTGACGGCCCAGAGACCTGCCTTCGCCATTGGTGTTCTTCCCGATATCTACACATTCCACCGTTACACCGGGAATTCCAGTCTCCCCTACCGCACTCAAGCCCGCCCGTACCCGACGCGGATCCACCGTTAGGCGATGGACTTTCACACCGGACGCGACGAACCGCCTACGAGCCCTTTACGCCCAATAAATCCGGATAACGCTCGCACCCTACGTATTACCGCGG",43.61,0,429,"Bifidobacterium animalis (DSM 10140)","NR_040867.1",99.1,"Actinomycetota","Actinomycetes","Bifidobacteriales","Bifidobacteriaceae","Bifidobacterium","Bifidobacterium animalis"
"YANO_132-FNB-7-AN","2023_12_13","YANO_132-FNB-7-AN","yes","AGGATGTCAAGTCTAGGTAAGGTTCTTCGCGTTGCTTCGAATTAAACCACATGCTCCGCTACTTGTGCGGGCCCCCGTCAATTCCTTTGAGTTTTAATCTTGCGACCGTACTCCCCAGGCGGAATACTTAATGCGTTAGCGGCGGCACAGAGGTGTTGAAACCCCTACACCTAGTATTCATCGTTTACGGCGTGGACTACCAGGGTATCTAATCCTGTTCGCTCCCCACGCTTTCGAGCCTCAGCGTCAGTTACAGTCCAGAGAGTCGCCTTCGCCACTGGTGTTCTTCCTAATCTCTACGCATTTCACCGCTACACTAGGAATTCCACTCTCCCCTCCTGCACTCTAGATTCCCAGTTTGGAATGCAN",43.99,1,369,"Clostridium baratii (ATCC 27638)","NR_029229.1",100,"Bacillota","Clostridia","Eubacteriales","Clostridiaceae","Clostridium","Clostridium baratii"
